Timestamp,Value
0.0,1.0
0.01,1.0
0.02,1.0
0.03,1.0
0.04,1.0
0.05,1.0
0.06,1.0
0.07,1.0
0.08,1.0
0.09,1.0
0.1,1.0
0.11,1.0
0.12,1.0
0.13,1.0
0.14,1.0
0.15,1.0
0.16,1.0
0.17,1.0
0.18,1.0
0.19,1.0
0.2,1.0
0.21,1.0
0.22,1.0
0.23,1.0
0.24,1.0
0.25,1.0
0.26,1.0
0.27,1.0
0.28,1.0
0.29,1.0
0.3,1.0
0.31,1.0
0.32,1.0
0.33,1.0
0.34,1.0
0.35000000000000003,1.0
0.36,1.0
0.37,1.0
0.38,1.0
0.39,1.0
0.4,1.0
0.41000000000000003,1.0
0.42,1.0
0.43,1.0
0.44,1.0
0.45,1.0
0.46,1.0
0.47000000000000003,1.0
0.48,1.0
0.49,1.0
0.5,1.0
0.51,1.0
0.52,1.0
0.53,1.0
0.54,1.0
0.55,1.0
0.56,1.0
0.5700000000000001,1.0
0.58,1.0
0.59,1.0
0.6,1.0
0.61,1.0
0.62,1.0
0.63,1.0
0.64,1.0
0.65,1.0
0.66,1.0
0.67,1.0
0.68,1.0
0.6900000000000001,1.0
0.7000000000000001,1.0
0.71,1.0
0.72,1.0
0.73,1.0
0.74,1.0
0.75,1.0
0.76,1.0
0.77,1.0
0.78,1.0
0.79,1.0
0.8,1.0
0.81,1.0
0.8200000000000001,1.0
0.8300000000000001,1.0
0.84,1.0
0.85,1.0
0.86,1.0
0.87,1.0
0.88,1.0
0.89,1.0
0.9,1.0
0.91,1.0
0.92,1.0
0.93,1.0
0.9400000000000001,1.0
0.9500000000000001,1.0
0.96,1.0
0.97,1.0
0.98,1.0
0.99,1.0
1.0,1.0
1.01,1.0
1.02,1.0
1.03,1.0
1.04,1.0
1.05,1.0
1.06,1.0
1.07,1.0
1.08,1.0
1.09,1.0
1.1,1.0
1.11,1.0
1.12,1.0
1.1300000000000001,1.0
1.1400000000000001,1.0
1.1500000000000001,1.0
1.16,1.0
1.17,1.0
1.18,1.0
1.19,1.0
1.2,1.0
1.21,1.0
1.22,1.0
1.23,1.0
1.24,1.0
1.25,1.0
1.26,1.0
1.27,1.0
1.28,1.0
1.29,1.0
1.3,1.0
1.31,1.0
1.32,1.0
1.33,1.0
1.34,1.0
1.35,1.0
1.36,1.0
1.37,1.0
1.3800000000000001,1.0
1.3900000000000001,1.0
1.4000000000000001,1.0
1.41,1.0
1.42,1.0
1.43,1.0
1.44,1.0
1.45,1.0
1.46,1.0
1.47,1.0
1.48,1.0
1.49,1.0
1.5,1.0
1.51,1.0
1.52,1.0
1.53,1.0
1.54,1.0
1.55,1.0
1.56,1.0
1.57,1.0
1.58,1.0
1.59,1.0
1.6,1.0
1.61,1.0
1.62,1.0
1.6300000000000001,1.0
1.6400000000000001,1.0
1.6500000000000001,1.0
1.6600000000000001,1.0
1.67,1.0
1.68,1.0
1.69,1.0
1.7,1.0
1.71,1.0
1.72,1.0
1.73,1.0
1.74,1.0
1.75,1.0
1.76,1.0
1.77,1.0
1.78,1.0
1.79,1.0
1.8,1.0
1.81,1.0
1.82,1.0
1.83,1.0
1.84,1.0
1.85,1.0
1.86,1.0
1.87,1.0
1.8800000000000001,1.0
1.8900000000000001,1.0
1.9000000000000001,1.0
1.9100000000000001,1.0
1.92,1.0
1.93,1.0
1.94,1.0
1.95,1.0
1.96,1.0
1.97,1.0
1.98,1.0
1.99,1.0
2.0,1.0
2.0100000000000002,1.0
2.02,1.0
2.0300000000000002,1.0
2.04,1.0
2.05,1.0
2.06,1.0
2.07,1.0
2.08,1.0
2.09,1.0
2.1,1.0
2.11,1.0
2.12,1.0
2.13,1.0
2.14,1.0
2.15,1.0
2.16,1.0
2.17,1.0
2.18,1.0
2.19,1.0
2.2,1.0
2.21,1.0
2.22,1.0
2.23,1.0
2.24,1.0
2.25,1.0
2.2600000000000002,1.0
2.27,1.0
2.2800000000000002,1.0
2.29,1.0
2.3000000000000003,1.0
2.31,1.0
2.32,1.0
2.33,1.0
2.34,1.0
2.35,1.0
2.36,1.0
2.37,1.0
2.38,1.0
2.39,1.0
2.4,1.0
2.41,1.0
2.42,1.0
2.43,1.0
2.44,1.0
2.45,1.0
2.46,1.0
2.47,1.0
2.48,1.0
2.49,1.0
2.5,1.0
2.5100000000000002,1.0
2.52,1.0
2.5300000000000002,1.0
2.54,1.0
2.5500000000000003,1.0
2.56,1.0
2.57,1.0
2.58,1.0
2.59,1.0
2.6,1.0
2.61,1.0
2.62,1.0
2.63,1.0
2.64,1.0
2.65,1.0
2.66,1.0
2.67,1.0
2.68,1.0
2.69,1.0
2.7,1.0
2.71,1.0
2.72,1.0
2.73,1.0
2.74,1.0
2.75,1.0
2.7600000000000002,1.0
2.77,1.0
2.7800000000000002,1.0
2.79,1.0
2.8000000000000003,1.0
2.81,1.0
2.82,1.0
2.83,1.0
2.84,1.0
2.85,1.0
2.86,1.0
2.87,1.0
2.88,1.0
2.89,1.0
2.9,1.0
2.91,1.0
2.92,1.0
2.93,1.0
2.94,1.0
2.95,1.0
2.96,1.0
2.97,1.0
2.98,1.0
2.99,1.0
3.0,1.0
3.0100000000000002,1.0
3.02,1.0
3.0300000000000002,1.0
3.04,1.0
3.0500000000000003,1.0
3.06,1.0
3.0700000000000003,1.0
3.08,1.0
3.09,1.0
3.1,1.0
3.11,1.0
3.12,1.0
3.13,1.0
3.14,1.0
3.15,1.0
3.16,1.0
3.17,1.0
3.18,1.0
3.19,1.0
3.2,1.0
3.21,1.0
3.22,1.0
3.23,1.0
3.24,1.0
3.25,1.0
3.2600000000000002,1.0
3.27,1.0
3.2800000000000002,1.0
3.29,1.0
3.3000000000000003,1.0
3.31,1.0
3.3200000000000003,1.0
3.33,1.0
3.34,1.0
3.35,1.0
3.36,1.0
3.37,1.0
3.38,1.0
3.39,1.0
3.4,1.0
3.41,1.0
3.42,1.0
3.43,1.0
3.44,1.0
3.45,1.0
3.46,1.0
3.47,1.0
3.48,1.0
3.49,1.0
3.5,1.0
3.5100000000000002,1.0
3.52,1.0
3.5300000000000002,1.0
3.54,1.0
3.5500000000000003,1.0
3.56,1.0
3.5700000000000003,1.0
3.58,1.0
3.59,1.0
3.6,1.0
3.61,1.0
3.62,1.0
3.63,1.0
3.64,1.0
3.65,1.0
3.66,1.0
3.67,1.0
3.68,1.0
3.69,1.0
3.7,1.0
3.71,1.0
3.72,1.0
3.73,1.0
3.74,1.0
3.75,1.0
3.7600000000000002,1.0
3.77,1.0
3.7800000000000002,1.0
3.79,1.0
3.8000000000000003,1.0
3.81,1.0
3.8200000000000003,1.0
3.83,1.0
3.84,1.0
3.85,1.0
3.86,1.0
3.87,1.0
3.88,1.0
3.89,1.0
3.9,1.0
3.91,1.0
3.92,1.0
3.93,1.0
3.94,1.0
3.95,1.0
3.96,1.0
3.97,1.0
3.98,1.0
3.99,1.0
4.0,1.0
4.01,1.0
4.0200000000000005,1.0
4.03,1.0
4.04,1.0
4.05,1.0
4.0600000000000005,1.0
4.07,1.0
4.08,1.0
4.09,1.0
4.1,1.0
4.11,1.0
4.12,1.0
4.13,1.0
4.14,1.0
4.15,1.0
4.16,1.0
4.17,1.0
4.18,1.0
4.19,1.0
4.2,1.0
4.21,1.0
4.22,1.0
4.23,1.0
4.24,1.0
4.25,1.0
4.26,1.0
4.2700000000000005,1.0
4.28,1.0
4.29,1.0
4.3,1.0
4.3100000000000005,1.0
4.32,1.0
4.33,1.0
4.34,1.0
4.3500000000000005,1.0
4.36,1.0
4.37,1.0
4.38,1.0
4.39,1.0
4.4,1.0
4.41,1.0
4.42,1.0
4.43,1.0
4.44,1.0
4.45,1.0
4.46,1.0
4.47,1.0
4.48,1.0
4.49,1.0
4.5,1.0
4.51,1.0
4.5200000000000005,1.0
4.53,1.0
4.54,1.0
4.55,1.0
4.5600000000000005,1.0
4.57,1.0
4.58,1.0
4.59,1.0
4.6000000000000005,1.0
4.61,1.0
4.62,1.0
4.63,1.0
4.64,1.0
4.65,1.0
4.66,1.0
4.67,1.0
4.68,1.0
4.69,1.0
4.7,1.0
4.71,1.0
4.72,1.0
4.73,1.0
4.74,1.0
4.75,1.0
4.76,1.0
4.7700000000000005,1.0
4.78,1.0
4.79,1.0
4.8,1.0
4.8100000000000005,1.0
4.82,1.0
4.83,1.0
4.84,1.0
4.8500000000000005,1.0
4.86,1.0
4.87,1.0
4.88,1.0
4.89,1.0
4.9,1.0
4.91,1.0
4.92,1.0
4.93,1.0
4.94,1.0
4.95,1.0
4.96,1.0
4.97,1.0
4.98,1.0
4.99,1.0
5.0,0.0
5.01,0.0
5.0200000000000005,0.0
5.03,0.0
5.04,0.0
5.05,0.0
5.0600000000000005,0.0
5.07,0.0
5.08,0.0
5.09,0.0
5.1000000000000005,0.0
5.11,0.0
5.12,0.0
5.13,0.0
5.14,0.0
5.15,0.0
5.16,0.0
5.17,0.0
5.18,0.0
5.19,0.0
5.2,0.0
5.21,0.0
5.22,0.0
5.23,0.0
5.24,0.0
5.25,0.0
5.26,0.0
5.2700000000000005,0.0
5.28,0.0
5.29,0.0
5.3,0.0
5.3100000000000005,0.0
5.32,0.0
5.33,0.0
5.34,0.0
5.3500000000000005,0.0
5.36,0.0
5.37,0.0
5.38,0.0
5.39,0.0
5.4,0.0
5.41,0.0
5.42,0.0
5.43,0.0
5.44,0.0
5.45,0.0
5.46,0.0
5.47,0.0
5.48,0.0
5.49,0.0
5.5,0.0
5.51,0.0
5.5200000000000005,0.0
5.53,0.0
5.54,0.0
5.55,0.0
5.5600000000000005,0.0
5.57,0.0
5.58,0.0
5.59,0.0
5.6000000000000005,0.0
5.61,0.0
5.62,0.0
5.63,0.0
5.64,0.0
5.65,0.0
5.66,0.0
5.67,0.0
5.68,0.0
5.69,0.0
5.7,0.0
5.71,0.0
5.72,0.0
5.73,0.0
5.74,0.0
5.75,0.0
5.76,0.0
5.7700000000000005,0.0
5.78,0.0
5.79,0.0
5.8,0.0
5.8100000000000005,0.0
5.82,0.0
5.83,0.0
5.84,0.0
5.8500000000000005,0.0
5.86,0.0
5.87,0.0
5.88,0.0
5.89,0.0
5.9,0.0
5.91,0.0
5.92,0.0
5.93,0.0
5.94,0.0
5.95,0.0
5.96,0.0
5.97,0.0
5.98,0.0
5.99,0.0
6.0,0.0
6.01,0.0
6.0200000000000005,0.0
6.03,0.0
6.04,0.0
6.05,0.0
6.0600000000000005,0.0
6.07,0.0
6.08,0.0
6.09,0.0
6.1000000000000005,0.0
6.11,0.0
6.12,0.0
6.13,0.0
6.140000000000001,0.0
6.15,0.0
6.16,0.0
6.17,0.0
6.18,0.0
6.19,0.0
6.2,0.0
6.21,0.0
6.22,0.0
6.23,0.0
6.24,0.0
6.25,0.0
6.26,0.0
6.2700000000000005,0.0
6.28,0.0
6.29,0.0
6.3,0.0
6.3100000000000005,0.0
6.32,0.0
6.33,0.0
6.34,0.0
6.3500000000000005,0.0
6.36,0.0
6.37,0.0
6.38,0.0
6.390000000000001,0.0
6.4,0.0
6.41,0.0
6.42,0.0
6.43,0.0
6.44,0.0
6.45,0.0
6.46,0.0
6.47,0.0
6.48,0.0
6.49,0.0
6.5,0.0
6.51,0.0
6.5200000000000005,0.0
6.53,0.0
6.54,0.0
6.55,0.0
6.5600000000000005,0.0
6.57,0.0
6.58,0.0
6.59,0.0
6.6000000000000005,0.0
6.61,0.0
6.62,0.0
6.63,0.0
6.640000000000001,0.0
6.65,0.0
6.66,0.0
6.67,0.0
6.68,0.0
6.69,0.0
6.7,0.0
6.71,0.0
6.72,0.0
6.73,0.0
6.74,0.0
6.75,0.0
6.76,0.0
6.7700000000000005,0.0
6.78,0.0
6.79,0.0
6.8,0.0
6.8100000000000005,0.0
6.82,0.0
6.83,0.0
6.84,0.0
6.8500000000000005,0.0
6.86,0.0
6.87,0.0
6.88,0.0
6.890000000000001,0.0
6.9,0.0
6.91,0.0
6.92,0.0
6.93,0.0
6.94,0.0
6.95,0.0
6.96,0.0
6.97,0.0
6.98,0.0
6.99,0.0
7.0,0.0
7.01,0.0
7.0200000000000005,0.0
7.03,0.0
7.04,0.0
7.05,0.0
7.0600000000000005,0.0
7.07,0.0
7.08,0.0
7.09,0.0
7.1000000000000005,0.0
7.11,0.0
7.12,0.0
7.13,0.0
7.140000000000001,0.0
7.15,0.0
7.16,0.0
7.17,0.0
7.18,0.0
7.19,0.0
7.2,0.0
7.21,0.0
7.22,0.0
7.23,0.0
7.24,0.0
7.25,0.0
7.26,0.0
7.2700000000000005,0.0
7.28,0.0
7.29,0.0
7.3,0.0
7.3100000000000005,0.0
7.32,0.0
7.33,0.0
7.34,0.0
7.3500000000000005,0.0
7.36,0.0
7.37,0.0
7.38,0.0
7.390000000000001,0.0
7.4,0.0
7.41,0.0
7.42,0.0
7.43,0.0
7.44,0.0
7.45,0.0
7.46,0.0
7.47,0.0
7.48,0.0
7.49,0.0
7.5,0.0
7.51,0.0
7.5200000000000005,0.0
7.53,0.0
7.54,0.0
7.55,0.0
7.5600000000000005,0.0
7.57,0.0
7.58,0.0
7.59,0.0
7.6000000000000005,0.0
7.61,0.0
7.62,0.0
7.63,0.0
7.640000000000001,0.0
7.65,0.0
7.66,0.0
7.67,0.0
7.68,0.0
7.69,0.0
7.7,0.0
7.71,0.0
7.72,0.0
7.73,0.0
7.74,0.0
7.75,0.0
7.76,0.0
7.7700000000000005,0.0
7.78,0.0
7.79,0.0
7.8,0.0
7.8100000000000005,0.0
7.82,0.0
7.83,0.0
7.84,0.0
7.8500000000000005,0.0
7.86,0.0
7.87,0.0
7.88,0.0
7.890000000000001,0.0
7.9,0.0
7.91,0.0
7.92,0.0
7.930000000000001,0.0
7.94,0.0
7.95,0.0
7.96,0.0
7.97,0.0
7.98,0.0
7.99,0.0
8.0,0.0
8.01,0.0
8.02,0.0
8.03,0.0
8.040000000000001,0.0
8.05,0.0
8.06,0.0
8.07,0.0
8.08,0.0
8.09,0.0
8.1,0.0
8.11,0.0
8.120000000000001,0.0
8.13,0.0
8.14,0.0
8.15,0.0
8.16,0.0
8.17,0.0
8.18,0.0
8.19,0.0
8.2,0.0
8.21,0.0
8.22,0.0
8.23,0.0
8.24,0.0
8.25,0.0
8.26,0.0
8.27,0.0
8.28,0.0
8.290000000000001,0.0
8.3,0.0
8.31,0.0
8.32,0.0
8.33,0.0
8.34,0.0
8.35,0.0
8.36,0.0
8.370000000000001,0.0
8.38,0.0
8.39,0.0
8.4,0.0
8.41,0.0
8.42,0.0
8.43,0.0
8.44,0.0
8.45,0.0
8.46,0.0
8.47,0.0
8.48,0.0
8.49,0.0
8.5,0.0
8.51,0.0
8.52,0.0
8.53,0.0
8.540000000000001,0.0
8.55,0.0
8.56,0.0
8.57,0.0
8.58,0.0
8.59,0.0
8.6,0.0
8.61,0.0
8.620000000000001,0.0
8.63,0.0
8.64,0.0
8.65,0.0
8.66,0.0
8.67,0.0
8.68,0.0
8.69,0.0
8.700000000000001,0.0
8.71,0.0
8.72,0.0
8.73,0.0
8.74,0.0
8.75,0.0
8.76,0.0
8.77,0.0
8.78,0.0
8.790000000000001,0.0
8.8,0.0
8.81,0.0
8.82,0.0
8.83,0.0
8.84,0.0
8.85,0.0
8.86,0.0
8.870000000000001,0.0
8.88,0.0
8.89,0.0
8.9,0.0
8.91,0.0
8.92,0.0
8.93,0.0
8.94,0.0
8.950000000000001,0.0
8.96,0.0
8.97,0.0
8.98,0.0
8.99,0.0
9.0,0.0
9.01,0.0
9.02,0.0
9.03,0.0
9.040000000000001,0.0
9.05,0.0
9.06,0.0
9.07,0.0
9.08,0.0
9.09,0.0
9.1,0.0
9.11,0.0
9.120000000000001,0.0
9.13,0.0
9.14,0.0
9.15,0.0
9.16,0.0
9.17,0.0
9.18,0.0
9.19,0.0
9.200000000000001,0.0
9.21,0.0
9.22,0.0
9.23,0.0
9.24,0.0
9.25,0.0
9.26,0.0
9.27,0.0
9.28,0.0
9.290000000000001,0.0
9.3,0.0
9.31,0.0
9.32,0.0
9.33,0.0
9.34,0.0
9.35,0.0
9.36,0.0
9.370000000000001,0.0
9.38,0.0
9.39,0.0
9.4,0.0
9.41,0.0
9.42,0.0
9.43,0.0
9.44,0.0
9.450000000000001,0.0
9.46,0.0
9.47,0.0
9.48,0.0
9.49,0.0
9.5,0.0
9.51,0.0
9.52,0.0
9.53,0.0
9.540000000000001,0.0
9.55,0.0
9.56,0.0
9.57,0.0
9.58,0.0
9.59,0.0
9.6,0.0
9.61,0.0
9.620000000000001,0.0
9.63,0.0
9.64,0.0
9.65,0.0
9.66,0.0
9.67,0.0
9.68,0.0
9.69,0.0
9.700000000000001,0.0
9.71,0.0
9.72,0.0
9.73,0.0
9.74,0.0
9.75,0.0
9.76,0.0
9.77,0.0
9.78,0.0
9.790000000000001,0.0
9.8,0.0
9.81,0.0
9.82,0.0
9.83,0.0
9.84,0.0
9.85,0.0
9.86,0.0
9.870000000000001,0.0
9.88,0.0
9.89,0.0
9.9,0.0
9.91,0.0
9.92,0.0
9.93,0.0
9.94,0.0
9.950000000000001,0.0
9.96,0.0
9.97,0.0
9.98,0.0
9.99,0.0
10.0,0.0
10.01,0.0
10.02,0.0
10.03,0.0
10.040000000000001,0.0
10.05,0.0
10.06,0.0
10.07,0.0
10.08,0.0
10.09,0.0
10.1,0.0
10.11,0.0
10.120000000000001,0.0
10.13,0.0
10.14,0.0
10.15,0.0
10.16,0.0
10.17,0.0
10.18,0.0
10.19,0.0
10.200000000000001,0.0
10.21,0.0
10.22,0.0
10.23,0.0
10.24,0.0
10.25,0.0
10.26,0.0
10.27,0.0
10.28,0.0
10.290000000000001,0.0
10.3,0.0
10.31,0.0
10.32,0.0
10.33,0.0
10.34,0.0
10.35,0.0
10.36,0.0
10.370000000000001,0.0
10.38,0.0
10.39,0.0
10.4,0.0
10.41,0.0
10.42,0.0
10.43,0.0
10.44,0.0
10.450000000000001,0.0
10.46,0.0
10.47,0.0
10.48,0.0
10.49,0.0
10.5,0.0
10.51,0.0
10.52,0.0
10.53,0.0
10.540000000000001,0.0
10.55,0.0
10.56,0.0
10.57,0.0
10.58,0.0
10.59,0.0
10.6,0.0
10.61,0.0
10.620000000000001,0.0
10.63,0.0
10.64,0.0
10.65,0.0
10.66,0.0
10.67,0.0
10.68,0.0
10.69,0.0
10.700000000000001,0.0
10.71,0.0
10.72,0.0
10.73,0.0
10.74,0.0
10.75,0.0
10.76,0.0
10.77,0.0
10.78,0.0
10.790000000000001,0.0
10.8,0.0
10.81,0.0
10.82,0.0
10.83,0.0
10.84,0.0
10.85,0.0
10.86,0.0
10.870000000000001,0.0
10.88,0.0
10.89,0.0
10.9,0.0
10.91,0.0
10.92,0.0
10.93,0.0
10.94,0.0
10.950000000000001,0.0
10.96,0.0
10.97,0.0
10.98,0.0
10.99,0.0
11.0,0.0
11.01,0.0
11.02,0.0
11.03,0.0
11.040000000000001,0.0
11.05,0.0
11.06,0.0
11.07,0.0
11.08,0.0
11.09,0.0
11.1,0.0
11.11,0.0
11.120000000000001,0.0
11.13,0.0
11.14,0.0
11.15,0.0
11.16,0.0
11.17,0.0
11.18,0.0
11.19,0.0
11.200000000000001,0.0
11.21,0.0
11.22,0.0
11.23,0.0
11.24,0.0
11.25,0.0
11.26,0.0
11.27,0.0
11.28,0.0
11.290000000000001,0.0
11.3,0.0
11.31,0.0
11.32,0.0
11.33,0.0
11.34,0.0
11.35,0.0
11.36,0.0
11.370000000000001,0.0
11.38,0.0
11.39,0.0
11.4,0.0
11.41,0.0
11.42,0.0
11.43,0.0
11.44,0.0
11.450000000000001,0.0
11.46,0.0
11.47,0.0
11.48,0.0
11.49,0.0
11.5,0.0
11.51,0.0
11.52,0.0
11.53,0.0
11.540000000000001,0.0
11.55,0.0
11.56,0.0
11.57,0.0
11.58,0.0
11.59,0.0
11.6,0.0
11.61,0.0
11.620000000000001,0.0
11.63,0.0
11.64,0.0
11.65,0.0
11.66,0.0
11.67,0.0
11.68,0.0
11.69,0.0
11.700000000000001,0.0
11.71,0.0
11.72,0.0
11.73,0.0
11.74,0.0
11.75,0.0
11.76,0.0
11.77,0.0
11.78,0.0
11.790000000000001,0.0
11.8,0.0
11.81,0.0
11.82,0.0
11.83,0.0
11.84,0.0
11.85,0.0
11.86,0.0
11.870000000000001,0.0
11.88,0.0
11.89,0.0
11.9,0.0
11.91,0.0
11.92,0.0
11.93,0.0
11.94,0.0
11.950000000000001,0.0
11.96,0.0
11.97,0.0
11.98,0.0
11.99,0.0
12.0,0.0
12.01,0.0
12.02,0.0
12.030000000000001,0.0
12.040000000000001,0.0
12.05,0.0
12.06,0.0
12.07,0.0
12.08,0.0
12.09,0.0
12.1,0.0
12.11,0.0
12.120000000000001,0.0
12.13,0.0
12.14,0.0
12.15,0.0
12.16,0.0
12.17,0.0
12.18,0.0
12.19,0.0
12.200000000000001,0.0
12.21,0.0
12.22,0.0
12.23,0.0
12.24,0.0
12.25,0.0
12.26,0.0
12.27,0.0
12.280000000000001,0.0
12.290000000000001,0.0
12.3,0.0
12.31,0.0
12.32,0.0
12.33,0.0
12.34,0.0
12.35,0.0
12.36,0.0
12.370000000000001,0.0
12.38,0.0
12.39,0.0
12.4,0.0
12.41,0.0
12.42,0.0
12.43,0.0
12.44,0.0
12.450000000000001,0.0
12.46,0.0
12.47,0.0
12.48,0.0
12.49,0.0
12.5,0.0
12.51,0.0
12.52,0.0
12.530000000000001,0.0
12.540000000000001,0.0
12.55,0.0
12.56,0.0
12.57,0.0
12.58,0.0
12.59,0.0
12.6,0.0
12.61,0.0
12.620000000000001,0.0
12.63,0.0
12.64,0.0
12.65,0.0
12.66,0.0
12.67,0.0
12.68,0.0
12.69,0.0
12.700000000000001,0.0
12.71,0.0
12.72,0.0
12.73,0.0
12.74,0.0
12.75,0.0
12.76,0.0
12.77,0.0
12.780000000000001,0.0
12.790000000000001,0.0
12.8,0.0
12.81,0.0
12.82,0.0
12.83,0.0
12.84,0.0
12.85,0.0
12.86,0.0
12.870000000000001,0.0
12.88,0.0
12.89,0.0
12.9,0.0
12.91,0.0
12.92,0.0
12.93,0.0
12.94,0.0
12.950000000000001,0.0
12.96,0.0
12.97,0.0
12.98,0.0
12.99,0.0
13.0,0.0
13.01,0.0
13.02,0.0
13.030000000000001,0.0
13.040000000000001,0.0
13.05,0.0
13.06,0.0
13.07,0.0
13.08,0.0
13.09,0.0
13.1,0.0
13.11,0.0
13.120000000000001,0.0
13.13,0.0
13.14,0.0
13.15,0.0
13.16,0.0
13.17,0.0
13.18,0.0
13.19,0.0
13.200000000000001,0.0
13.21,0.0
13.22,0.0
13.23,0.0
13.24,0.0
13.25,0.0
13.26,0.0
13.27,0.0
13.280000000000001,0.0
13.290000000000001,0.0
13.3,0.0
13.31,0.0
13.32,0.0
13.33,0.0
13.34,0.0
13.35,0.0
13.36,0.0
13.370000000000001,0.0
13.38,0.0
13.39,0.0
13.4,0.0
13.41,0.0
13.42,0.0
13.43,0.0
13.44,0.0
13.450000000000001,0.0
13.46,0.0
13.47,0.0
13.48,0.0
13.49,0.0
13.5,0.0
13.51,0.0
13.52,0.0
13.530000000000001,0.0
13.540000000000001,0.0
13.55,0.0
13.56,0.0
13.57,0.0
13.58,0.0
13.59,0.0
13.6,0.0
13.61,0.0
13.620000000000001,0.0
13.63,0.0
13.64,0.0
13.65,0.0
13.66,0.0
13.67,0.0
13.68,0.0
13.69,0.0
13.700000000000001,0.0
13.71,0.0
13.72,0.0
13.73,0.0
13.74,0.0
13.75,0.0
13.76,0.0
13.77,0.0
13.780000000000001,0.0
13.790000000000001,0.0
13.8,0.0
13.81,0.0
13.82,0.0
13.83,0.0
13.84,0.0
13.85,0.0
13.86,0.0
13.870000000000001,0.0
13.88,0.0
13.89,0.0
13.9,0.0
13.91,0.0
13.92,0.0
13.93,0.0
13.94,0.0
13.950000000000001,0.0
13.96,0.0
13.97,0.0
13.98,0.0
13.99,0.0
14.0,0.0
14.01,0.0
14.02,0.0
14.030000000000001,0.0
14.040000000000001,0.0
14.05,0.0
14.06,0.0
14.07,0.0
14.08,0.0
14.09,0.0
14.1,0.0
14.11,0.0
14.120000000000001,0.0
14.13,0.0
14.14,0.0
14.15,0.0
14.16,0.0
14.17,0.0
14.18,0.0
14.19,0.0
14.200000000000001,0.0
14.21,0.0
14.22,0.0
14.23,0.0
14.24,0.0
14.25,0.0
14.26,0.0
14.27,0.0
14.280000000000001,0.0
14.290000000000001,0.0
14.3,0.0
14.31,0.0
14.32,0.0
14.33,0.0
14.34,0.0
14.35,0.0
14.36,0.0
14.370000000000001,0.0
14.38,0.0
14.39,0.0
14.4,0.0
14.41,0.0
14.42,0.0
14.43,0.0
14.44,0.0
14.450000000000001,0.0
14.46,0.0
14.47,0.0
14.48,0.0
14.49,0.0
14.5,0.0
14.51,0.0
14.52,0.0
14.530000000000001,0.0
14.540000000000001,0.0
14.55,0.0
14.56,0.0
14.57,0.0
14.58,0.0
14.59,0.0
14.6,0.0
14.61,0.0
14.620000000000001,0.0
14.63,0.0
14.64,0.0
14.65,0.0
14.66,0.0
14.67,0.0
14.68,0.0
14.69,0.0
14.700000000000001,0.0
14.71,0.0
14.72,0.0
14.73,0.0
14.74,0.0
14.75,0.0
14.76,0.0
14.77,0.0
14.780000000000001,0.0
14.790000000000001,0.0
14.8,0.0
14.81,0.0
14.82,0.0
14.83,0.0
14.84,0.0
14.85,0.0
14.86,0.0
14.870000000000001,0.0
14.88,0.0
14.89,0.0
14.9,0.0
14.91,0.0
14.92,0.0
14.93,0.0
14.94,0.0
14.950000000000001,0.0
14.96,0.0
14.97,0.0
14.98,0.0
14.99,0.0
15.0,0.0
15.01,0.0
15.02,0.0
15.030000000000001,0.0
15.040000000000001,0.0
15.05,0.0
15.06,0.0
15.07,0.0
15.08,0.0
15.09,0.0
15.1,0.0
15.11,0.0
15.120000000000001,0.0
15.13,0.0
15.14,0.0
15.15,0.0
15.16,0.0
15.17,0.0
15.18,0.0
15.19,0.0
15.200000000000001,0.0
15.21,0.0
15.22,0.0
15.23,0.0
15.24,0.0
15.25,0.0
15.26,0.0
15.27,0.0
15.280000000000001,0.0
15.290000000000001,0.0
15.3,0.0
15.31,0.0
15.32,0.0
15.33,0.0
15.34,0.0
15.35,0.0
15.36,0.0
15.370000000000001,0.0
15.38,0.0
15.39,0.0
15.4,0.0
15.41,0.0
15.42,0.0
15.43,0.0
15.44,0.0
15.450000000000001,0.0
15.46,0.0
15.47,0.0
15.48,0.0
15.49,0.0
15.5,0.0
15.51,0.0
15.52,0.0
15.530000000000001,0.0
15.540000000000001,0.0
15.55,0.0
15.56,0.0
15.57,0.0
15.58,0.0
15.59,0.0
15.6,0.0
15.610000000000001,0.0
15.620000000000001,0.0
15.63,0.0
15.64,0.0
15.65,0.0
15.66,0.0
15.67,0.0
15.68,0.0
15.69,0.0
15.700000000000001,0.0
15.71,0.0
15.72,0.0
15.73,0.0
15.74,0.0
15.75,0.0
15.76,0.0
15.77,0.0
15.780000000000001,0.0
15.790000000000001,0.0
15.8,0.0
15.81,0.0
15.82,0.0
15.83,0.0
15.84,0.0
15.85,0.0
15.860000000000001,0.0
15.870000000000001,0.0
15.88,0.0
15.89,0.0
15.9,0.0
15.91,0.0
15.92,0.0
15.93,0.0
15.94,0.0
15.950000000000001,0.0
15.96,0.0
15.97,0.0
15.98,0.0
15.99,0.0
16.0,0.0
16.01,0.0
16.02,0.0
16.03,0.0
16.04,0.0
16.05,0.0
16.06,0.0
16.07,0.0
16.080000000000002,0.0
16.09,0.0
16.1,0.0
16.11,0.0
16.12,0.0
16.13,0.0
16.14,0.0
16.15,0.0
16.16,0.0
16.17,0.0
16.18,0.0
16.19,0.0
16.2,0.0
16.21,0.0
16.22,0.0
16.23,0.0
16.240000000000002,0.0
16.25,0.0
16.26,0.0
16.27,0.0
16.28,0.0
16.29,0.0
16.3,0.0
16.31,0.0
16.32,0.0
16.330000000000002,0.0
16.34,0.0
16.35,0.0
16.36,0.0
16.37,0.0
16.38,0.0
16.39,0.0
16.4,0.0
16.41,0.0
16.42,0.0
16.43,0.0
16.44,0.0
16.45,0.0
16.46,0.0
16.47,0.0
16.48,0.0
16.490000000000002,0.0
16.5,0.0
16.51,0.0
16.52,0.0
16.53,0.0
16.54,0.0
16.55,0.0
16.56,0.0
16.57,0.0
16.580000000000002,0.0
16.59,0.0
16.6,0.0
16.61,0.0
16.62,0.0
16.63,0.0
16.64,0.0
16.65,0.0
16.66,0.0
16.67,0.0
16.68,0.0
16.69,0.0
16.7,0.0
16.71,0.0
16.72,0.0
16.73,0.0
16.740000000000002,0.0
16.75,0.0
16.76,0.0
16.77,0.0
16.78,0.0
16.79,0.0
16.8,0.0
16.81,0.0
16.82,0.0
16.830000000000002,0.0
16.84,0.0
16.85,0.0
16.86,0.0
16.87,0.0
16.88,0.0
16.89,0.0
16.9,0.0
16.91,0.0
16.92,0.0
16.93,0.0
16.94,0.0
16.95,0.0
16.96,0.0
16.97,0.0
16.98,0.0
16.990000000000002,0.0
17.0,0.0
17.01,0.0
17.02,0.0
17.03,0.0
17.04,0.0
17.05,0.0
17.06,0.0
17.07,0.0
17.080000000000002,0.0
17.09,0.0
17.1,0.0
17.11,0.0
17.12,0.0
17.13,0.0
17.14,0.0
17.150000000000002,0.0
17.16,0.0
17.17,0.0
17.18,0.0
17.19,0.0
17.2,0.0
17.21,0.0
17.22,0.0
17.23,0.0
17.240000000000002,0.0
17.25,0.0
17.26,0.0
17.27,0.0
17.28,0.0
17.29,0.0
17.3,0.0
17.31,0.0
17.32,0.0
17.330000000000002,0.0
17.34,0.0
17.35,0.0
17.36,0.0
17.37,0.0
17.38,0.0
17.39,0.0
17.400000000000002,0.0
17.41,0.0
17.42,0.0
17.43,0.0
17.44,0.0
17.45,0.0
17.46,0.0
17.47,0.0
17.48,0.0
17.490000000000002,0.0
17.5,0.0
17.51,0.0
17.52,0.0
17.53,0.0
17.54,0.0
17.55,0.0
17.56,0.0
17.57,0.0
17.580000000000002,0.0
17.59,0.0
17.6,0.0
17.61,0.0
17.62,0.0
17.63,0.0
17.64,0.0
17.650000000000002,0.0
17.66,0.0
17.67,0.0
17.68,0.0
17.69,0.0
17.7,0.0
17.71,0.0
17.72,0.0
17.73,0.0
17.740000000000002,0.0
17.75,0.0
17.76,0.0
17.77,0.0
17.78,0.0
17.79,0.0
17.8,0.0
17.81,0.0
17.82,0.0
17.830000000000002,0.0
17.84,0.0
17.85,0.0
17.86,0.0
17.87,0.0
17.88,0.0
17.89,0.0
17.900000000000002,0.0
17.91,0.0
17.92,0.0
17.93,0.0
17.94,0.0
17.95,0.0
17.96,0.0
17.97,0.0
17.98,0.0
17.990000000000002,0.0
18.0,0.0
18.01,0.0
18.02,0.0
18.03,0.0
18.04,0.0
18.05,0.0
18.06,0.0
18.07,0.0
18.080000000000002,0.0
18.09,0.0
18.1,0.0
18.11,0.0
18.12,0.0
18.13,0.0
18.14,0.0
18.150000000000002,0.0
18.16,0.0
18.17,0.0
18.18,0.0
18.19,0.0
18.2,0.0
18.21,0.0
18.22,0.0
18.23,0.0
18.240000000000002,0.0
18.25,0.0
18.26,0.0
18.27,0.0
18.28,0.0
18.29,0.0
18.3,0.0
18.31,0.0
18.32,0.0
18.330000000000002,0.0
18.34,0.0
18.35,0.0
18.36,0.0
18.37,0.0
18.38,0.0
18.39,0.0
18.400000000000002,0.0
18.41,0.0
18.42,0.0
18.43,0.0
18.44,0.0
18.45,0.0
18.46,0.0
18.47,0.0
18.48,0.0
18.490000000000002,0.0
18.5,0.0
18.51,0.0
18.52,0.0
18.53,0.0
18.54,0.0
18.55,0.0
18.56,0.0
18.57,0.0
18.580000000000002,0.0
18.59,0.0
18.6,0.0
18.61,0.0
18.62,0.0
18.63,0.0
18.64,0.0
18.650000000000002,0.0
18.66,0.0
18.67,0.0
18.68,0.0
18.69,0.0
18.7,0.0
18.71,0.0
18.72,0.0
18.73,0.0
18.740000000000002,0.0
18.75,0.0
18.76,0.0
18.77,0.0
18.78,0.0
18.79,0.0
18.8,0.0
18.81,0.0
18.82,0.0
18.830000000000002,0.0
18.84,0.0
18.85,0.0
18.86,0.0
18.87,0.0
18.88,0.0
18.89,0.0
18.900000000000002,0.0
18.91,0.0
18.92,0.0
18.93,0.0
18.94,0.0
18.95,0.0
18.96,0.0
18.97,0.0
18.98,0.0
18.990000000000002,0.0
19.0,0.0
19.01,0.0
19.02,0.0
19.03,0.0
19.04,0.0
19.05,0.0
19.06,0.0
19.07,0.0
19.080000000000002,0.0
19.09,0.0
19.1,0.0
19.11,0.0
19.12,0.0
19.13,0.0
19.14,0.0
19.150000000000002,0.0
19.16,0.0
19.17,0.0
19.18,0.0
19.19,0.0
19.2,0.0
19.21,0.0
19.22,0.0
19.23,0.0
19.240000000000002,0.0
19.25,0.0
19.26,0.0
19.27,0.0
19.28,0.0
19.29,0.0
19.3,0.0
19.31,0.0
19.32,0.0
19.330000000000002,0.0
19.34,0.0
19.35,0.0
19.36,0.0
19.37,0.0
19.38,0.0
19.39,0.0
19.400000000000002,0.0
19.41,0.0
19.42,0.0
19.43,0.0
19.44,0.0
19.45,0.0
19.46,0.0
19.47,0.0
19.48,0.0
19.490000000000002,0.0
19.5,0.0
19.51,0.0
19.52,0.0
19.53,0.0
19.54,0.0
19.55,0.0
19.56,0.0
19.57,0.0
19.580000000000002,0.0
19.59,0.0
19.6,0.0
19.61,0.0
19.62,0.0
19.63,0.0
19.64,0.0
19.650000000000002,0.0
19.66,0.0
19.67,0.0
19.68,0.0
19.69,0.0
19.7,0.0
19.71,0.0
19.72,0.0
19.73,0.0
19.740000000000002,0.0
19.75,0.0
19.76,0.0
19.77,0.0
19.78,0.0
19.79,0.0
19.8,0.0
19.81,0.0
19.82,0.0
19.830000000000002,0.0
19.84,0.0
19.85,0.0
19.86,0.0
19.87,0.0
19.88,0.0
19.89,0.0
19.900000000000002,0.0
19.91,0.0
19.92,0.0
19.93,0.0
19.94,0.0
19.95,0.0
19.96,0.0
19.97,0.0
19.98,0.0
19.990000000000002,0.0
20.0,0.0
20.01,0.0
20.02,0.0
20.03,0.0
20.04,0.0
20.05,0.0
20.06,0.0
20.07,0.0
20.080000000000002,0.0
20.09,0.0
20.1,0.0
20.11,0.0
20.12,0.0
20.13,0.0
20.14,0.0
20.150000000000002,0.0
20.16,0.0
20.17,0.0
20.18,0.0
20.19,0.0
20.2,0.0
20.21,0.0
20.22,0.0
20.23,0.0
20.240000000000002,0.0
20.25,0.0
20.26,0.0
20.27,0.0
20.28,0.0
20.29,0.0
20.3,0.0
20.31,0.0
20.32,0.0
20.330000000000002,0.0
20.34,0.0
20.35,0.0
20.36,0.0
20.37,0.0
20.38,0.0
20.39,0.0
20.400000000000002,0.0
20.41,0.0
20.42,0.0
20.43,0.0
20.44,0.0
20.45,0.0
20.46,0.0
20.47,0.0
20.48,0.0
20.490000000000002,0.0
20.5,0.0
20.51,0.0
20.52,0.0
20.53,0.0
20.54,0.0
20.55,0.0
20.56,0.0
20.57,0.0
20.580000000000002,0.0
20.59,0.0
20.6,0.0
20.61,0.0
20.62,0.0
20.63,0.0
20.64,0.0
20.650000000000002,0.0
20.66,0.0
20.67,0.0
20.68,0.0
20.69,0.0
20.7,0.0
20.71,0.0
20.72,0.0
20.73,0.0
20.740000000000002,0.0
20.75,0.0
20.76,0.0
20.77,0.0
20.78,0.0
20.79,0.0
20.8,0.0
20.81,0.0
20.82,0.0
20.830000000000002,0.0
20.84,0.0
20.85,0.0
20.86,0.0
20.87,0.0
20.88,0.0
20.89,0.0
20.900000000000002,0.0
20.91,0.0
20.92,0.0
20.93,0.0
20.94,0.0
20.95,0.0
20.96,0.0
20.97,0.0
20.98,0.0
20.990000000000002,0.0
21.0,0.0
21.01,0.0
21.02,0.0
21.03,0.0
21.04,0.0
21.05,0.0
21.06,0.0
21.07,0.0
21.080000000000002,0.0
21.09,0.0
21.1,0.0
21.11,0.0
21.12,0.0
21.13,0.0
21.14,0.0
21.150000000000002,0.0
21.16,0.0
21.17,0.0
21.18,0.0
21.19,0.0
21.2,0.0
21.21,0.0
21.22,0.0
21.23,0.0
21.240000000000002,0.0
21.25,0.0
21.26,0.0
21.27,0.0
21.28,0.0
21.29,0.0
21.3,0.0
21.31,0.0
21.32,0.0
21.330000000000002,0.0
21.34,0.0
21.35,0.0
21.36,0.0
21.37,0.0
21.38,0.0
21.39,0.0
21.400000000000002,0.0
21.41,0.0
21.42,0.0
21.43,0.0
21.44,0.0
21.45,0.0
21.46,0.0
21.47,0.0
21.48,0.0
21.490000000000002,0.0
21.5,0.0
21.51,0.0
21.52,0.0
21.53,0.0
21.54,0.0
21.55,0.0
21.56,0.0
21.57,0.0
21.580000000000002,0.0
21.59,0.0
21.6,0.0
21.61,0.0
21.62,0.0
21.63,0.0
21.64,0.0
21.650000000000002,0.0
21.66,0.0
21.67,0.0
21.68,0.0
21.69,0.0
21.7,0.0
21.71,0.0
21.72,0.0
21.73,0.0
21.740000000000002,0.0
21.75,0.0
21.76,0.0
21.77,0.0
21.78,0.0
21.79,0.0
21.8,0.0
21.81,0.0
21.82,0.0
21.830000000000002,0.0
21.84,0.0
21.85,0.0
21.86,0.0
21.87,0.0
21.88,0.0
21.89,0.0
21.900000000000002,0.0
21.91,0.0
21.92,0.0
21.93,0.0
21.94,0.0
21.95,0.0
21.96,0.0
21.97,0.0
21.98,0.0
21.990000000000002,0.0
22.0,0.0
22.01,0.0
22.02,0.0
22.03,0.0
22.04,0.0
22.05,0.0
22.06,0.0
22.07,0.0
22.080000000000002,0.0
22.09,0.0
22.1,0.0
22.11,0.0
22.12,0.0
22.13,0.0
22.14,0.0
22.150000000000002,0.0
22.16,0.0
22.17,0.0
22.18,0.0
22.19,0.0
22.2,0.0
22.21,0.0
22.22,0.0
22.23,0.0
22.240000000000002,0.0
22.25,0.0
22.26,0.0
22.27,0.0
22.28,0.0
22.29,0.0
22.3,0.0
22.31,0.0
22.32,0.0
22.330000000000002,0.0
22.34,0.0
22.35,0.0
22.36,0.0
22.37,0.0
22.38,0.0
22.39,0.0
22.400000000000002,0.0
22.41,0.0
22.42,0.0
22.43,0.0
22.44,0.0
22.45,0.0
22.46,0.0
22.47,0.0
22.48,0.0
22.490000000000002,0.0
22.5,0.0
22.51,0.0
22.52,0.0
22.53,0.0
22.54,0.0
22.55,0.0
22.56,0.0
22.57,0.0
22.580000000000002,0.0
22.59,0.0
22.6,0.0
22.61,0.0
22.62,0.0
22.63,0.0
22.64,0.0
22.650000000000002,0.0
22.66,0.0
22.67,0.0
22.68,0.0
22.69,0.0
22.7,0.0
22.71,0.0
22.72,0.0
22.73,0.0
22.740000000000002,0.0
22.75,0.0
22.76,0.0
22.77,0.0
22.78,0.0
22.79,0.0
22.8,0.0
22.81,0.0
22.82,0.0
22.830000000000002,0.0
22.84,0.0
22.85,0.0
22.86,0.0
22.87,0.0
22.88,0.0
22.89,0.0
22.900000000000002,0.0
22.91,0.0
22.92,0.0
22.93,0.0
22.94,0.0
22.95,0.0
22.96,0.0
22.97,0.0
22.98,0.0
22.990000000000002,0.0
23.0,0.0
23.01,0.0
23.02,0.0
23.03,0.0
23.04,0.0
23.05,0.0
23.06,0.0
23.07,0.0
23.080000000000002,0.0
23.09,0.0
23.1,0.0
23.11,0.0
23.12,0.0
23.13,0.0
23.14,0.0
23.150000000000002,0.0
23.16,0.0
23.17,0.0
23.18,0.0
23.19,0.0
23.2,0.0
23.21,0.0
23.22,0.0
23.23,0.0
23.240000000000002,0.0
23.25,0.0
23.26,0.0
23.27,0.0
23.28,0.0
23.29,0.0
23.3,0.0
23.31,0.0
23.32,0.0
23.330000000000002,0.0
23.34,0.0
23.35,0.0
23.36,0.0
23.37,0.0
23.38,0.0
23.39,0.0
23.400000000000002,0.0
23.41,0.0
23.42,0.0
23.43,0.0
23.44,0.0
23.45,0.0
23.46,0.0
23.47,0.0
23.48,0.0
23.490000000000002,0.0
23.5,0.0
23.51,0.0
23.52,0.0
23.53,0.0
23.54,0.0
23.55,0.0
23.56,0.0
23.57,0.0
23.580000000000002,0.0
23.59,0.0
23.6,0.0
23.61,0.0
23.62,0.0
23.63,0.0
23.64,0.0
23.650000000000002,0.0
23.66,0.0
23.67,0.0
23.68,0.0
23.69,0.0
23.7,0.0
23.71,0.0
23.72,0.0
23.73,0.0
23.740000000000002,0.0
23.75,0.0
23.76,0.0
23.77,0.0
23.78,0.0
23.79,0.0
23.8,0.0
23.81,0.0
23.82,0.0
23.830000000000002,0.0
23.84,0.0
23.85,0.0
23.86,0.0
23.87,0.0
23.88,0.0
23.89,0.0
23.900000000000002,0.0
23.91,0.0
23.92,0.0
23.93,0.0
23.94,0.0
23.95,0.0
23.96,0.0
23.97,0.0
23.98,0.0
23.990000000000002,0.0
24.0,0.0
24.01,0.0
24.02,0.0
24.03,0.0
24.04,0.0
24.05,0.0
24.060000000000002,0.0
24.07,0.0
24.080000000000002,0.0
24.09,0.0
24.1,0.0
24.11,0.0
24.12,0.0
24.13,0.0
24.14,0.0
24.150000000000002,0.0
24.16,0.0
24.17,0.0
24.18,0.0
24.19,0.0
24.2,0.0
24.21,0.0
24.22,0.0
24.23,0.0
24.240000000000002,0.0
24.25,0.0
24.26,0.0
24.27,0.0
24.28,0.0
24.29,0.0
24.3,0.0
24.310000000000002,0.0
24.32,0.0
24.330000000000002,0.0
24.34,0.0
24.35,0.0
24.36,0.0
24.37,0.0
24.38,0.0
24.39,0.0
24.400000000000002,0.0
24.41,0.0
24.42,0.0
24.43,0.0
24.44,0.0
24.45,0.0
24.46,0.0
24.47,0.0
24.48,0.0
24.490000000000002,0.0
24.5,0.0
24.51,0.0
24.52,0.0
24.53,0.0
24.54,0.0
24.55,0.0
24.560000000000002,0.0
24.57,0.0
24.580000000000002,0.0
24.59,0.0
24.6,0.0
24.61,0.0
24.62,0.0
24.63,0.0
24.64,0.0
24.650000000000002,0.0
24.66,0.0
24.67,0.0
24.68,0.0
24.69,0.0
24.7,0.0
24.71,0.0
24.72,0.0
24.73,0.0
24.740000000000002,0.0
24.75,0.0
24.76,0.0
24.77,0.0
24.78,0.0
24.79,0.0
24.8,0.0
24.810000000000002,0.0
24.82,0.0
24.830000000000002,0.0
24.84,0.0
24.85,0.0
24.86,0.0
24.87,0.0
24.88,0.0
24.89,0.0
24.900000000000002,0.0
24.91,0.0
24.92,0.0
24.93,0.0
24.94,0.0
24.95,0.0
24.96,0.0
24.97,0.0
24.98,0.0
24.990000000000002,0.0
25.0,0.0
25.01,0.0
25.02,0.0
25.03,0.0
25.04,0.0
25.05,0.0
25.060000000000002,0.0
25.07,0.0
25.080000000000002,0.0
25.09,0.0
25.1,0.0
25.11,0.0
25.12,0.0
25.13,0.0
25.14,0.0
25.150000000000002,0.0
25.16,0.0
25.17,0.0
25.18,0.0
25.19,0.0
25.2,0.0
25.21,0.0
25.22,0.0
25.23,0.0
25.240000000000002,0.0
25.25,0.0
25.26,0.0
25.27,0.0
25.28,0.0
25.29,0.0
25.3,0.0
25.310000000000002,0.0
25.32,0.0
25.330000000000002,0.0
25.34,0.0
25.35,0.0
25.36,0.0
25.37,0.0
25.38,0.0
25.39,0.0
25.400000000000002,0.0
25.41,0.0
25.42,0.0
25.43,0.0
25.44,0.0
25.45,0.0
25.46,0.0
25.47,0.0
25.48,0.0
25.490000000000002,0.0
25.5,0.0
25.51,0.0
25.52,0.0
25.53,0.0
25.54,0.0
25.55,0.0
25.560000000000002,0.0
25.57,0.0
25.580000000000002,0.0
25.59,0.0
25.6,0.0
25.61,0.0
25.62,0.0
25.63,0.0
25.64,0.0
25.650000000000002,0.0
25.66,0.0
25.67,0.0
25.68,0.0
25.69,0.0
25.7,0.0
25.71,0.0
25.72,0.0
25.73,0.0
25.740000000000002,0.0
25.75,0.0
25.76,0.0
25.77,0.0
25.78,0.0
25.79,0.0
25.8,0.0
25.810000000000002,0.0
25.82,0.0
25.830000000000002,0.0
25.84,0.0
25.85,0.0
25.86,0.0
25.87,0.0
25.88,0.0
25.89,0.0
25.900000000000002,0.0
25.91,0.0
25.92,0.0
25.93,0.0
25.94,0.0
25.95,0.0
25.96,0.0
25.97,0.0
25.98,0.0
25.990000000000002,0.0
26.0,0.0
26.01,0.0
26.02,0.0
26.03,0.0
26.04,0.0
26.05,0.0
26.060000000000002,0.0
26.07,0.0
26.080000000000002,0.0
26.09,0.0
26.1,0.0
26.11,0.0
26.12,0.0
26.13,0.0
26.14,0.0
26.150000000000002,0.0
26.16,0.0
26.17,0.0
26.18,0.0
26.19,0.0
26.2,0.0
26.21,0.0
26.22,0.0
26.23,0.0
26.240000000000002,0.0
26.25,0.0
26.26,0.0
26.27,0.0
26.28,0.0
26.29,0.0
26.3,0.0
26.310000000000002,0.0
26.32,0.0
26.330000000000002,0.0
26.34,0.0
26.35,0.0
26.36,0.0
26.37,0.0
26.38,0.0
26.39,0.0
26.400000000000002,0.0
26.41,0.0
26.42,0.0
26.43,0.0
26.44,0.0
26.45,0.0
26.46,0.0
26.47,0.0
26.48,0.0
26.490000000000002,0.0
26.5,0.0
26.51,0.0
26.52,0.0
26.53,0.0
26.54,0.0
26.55,0.0
26.560000000000002,0.0
26.57,0.0
26.580000000000002,0.0
26.59,0.0
26.6,0.0
26.61,0.0
26.62,0.0
26.63,0.0
26.64,0.0
26.650000000000002,0.0
26.66,0.0
26.67,0.0
26.68,0.0
26.69,0.0
26.7,0.0
26.71,0.0
26.72,0.0
26.73,0.0
26.740000000000002,0.0
26.75,0.0
26.76,0.0
26.77,0.0
26.78,0.0
26.79,0.0
26.8,0.0
26.810000000000002,0.0
26.82,0.0
26.830000000000002,0.0
26.84,0.0
26.85,0.0
26.86,0.0
26.87,0.0
26.88,0.0
26.89,0.0
26.900000000000002,0.0
26.91,0.0
26.92,0.0
26.93,0.0
26.94,0.0
26.95,0.0
26.96,0.0
26.97,0.0
26.98,0.0
26.990000000000002,0.0
27.0,0.0
27.01,0.0
27.02,0.0
27.03,0.0
27.04,0.0
27.05,0.0
27.060000000000002,0.0
27.07,0.0
27.080000000000002,0.0
27.09,0.0
27.1,0.0
27.11,0.0
27.12,0.0
27.13,0.0
27.14,0.0
27.150000000000002,0.0
27.16,0.0
27.17,0.0
27.18,0.0
27.19,0.0
27.2,0.0
27.21,0.0
27.22,0.0
27.23,0.0
27.240000000000002,0.0
27.25,0.0
27.26,0.0
27.27,0.0
27.28,0.0
27.29,0.0
27.3,0.0
27.310000000000002,0.0
27.32,0.0
27.330000000000002,0.0
27.34,0.0
27.35,0.0
27.36,0.0
27.37,0.0
27.38,0.0
27.39,0.0
27.400000000000002,0.0
27.41,0.0
27.42,0.0
27.43,0.0
27.44,0.0
27.45,0.0
27.46,0.0
27.47,0.0
27.48,0.0
27.490000000000002,0.0
27.5,0.0
27.51,0.0
27.52,0.0
27.53,0.0
27.54,0.0
27.55,0.0
27.560000000000002,0.0
27.57,0.0
27.580000000000002,0.0
27.59,0.0
27.6,0.0
27.61,0.0
27.62,0.0
27.63,0.0
27.64,0.0
27.650000000000002,0.0
27.66,0.0
27.67,0.0
27.68,0.0
27.69,0.0
27.7,0.0
27.71,0.0
27.72,0.0
27.73,0.0
27.740000000000002,0.0
27.75,0.0
27.76,0.0
27.77,0.0
27.78,0.0
27.79,0.0
27.8,0.0
27.810000000000002,0.0
27.82,0.0
27.830000000000002,0.0
27.84,0.0
27.85,0.0
27.86,0.0
27.87,0.0
27.88,0.0
27.89,0.0
27.900000000000002,0.0
27.91,0.0
27.92,0.0
27.93,0.0
27.94,0.0
27.95,0.0
27.96,0.0
27.97,0.0
27.98,0.0
27.990000000000002,0.0
28.0,0.0
28.01,0.0
28.02,0.0
28.03,0.0
28.04,0.0
28.05,0.0
28.060000000000002,0.0
28.07,0.0
28.080000000000002,0.0
28.09,0.0
28.1,0.0
28.11,0.0
28.12,0.0
28.13,0.0
28.14,0.0
28.150000000000002,0.0
28.16,0.0
28.17,0.0
28.18,0.0
28.19,0.0
28.2,0.0
28.21,0.0
28.22,0.0
28.23,0.0
28.240000000000002,0.0
28.25,0.0
28.26,0.0
28.27,0.0
28.28,0.0
28.29,0.0
28.3,0.0
28.310000000000002,0.0
28.32,0.0
28.330000000000002,0.0
28.34,0.0
28.35,0.0
28.36,0.0
28.37,0.0
28.38,0.0
28.39,0.0
28.400000000000002,0.0
28.41,0.0
28.42,0.0
28.43,0.0
28.44,0.0
28.45,0.0
28.46,0.0
28.47,0.0
28.48,0.0
28.490000000000002,0.0
28.5,0.0
28.51,0.0
28.52,0.0
28.53,0.0
28.54,0.0
28.55,0.0
28.560000000000002,0.0
28.57,0.0
28.580000000000002,0.0
28.59,0.0
28.6,0.0
28.61,0.0
28.62,0.0
28.63,0.0
28.64,0.0
28.650000000000002,0.0
28.66,0.0
28.67,0.0
28.68,0.0
28.69,0.0
28.7,0.0
28.71,0.0
28.72,0.0
28.73,0.0
28.740000000000002,0.0
28.75,0.0
28.76,0.0
28.77,0.0
28.78,0.0
28.79,0.0
28.8,0.0
28.810000000000002,0.0
28.82,0.0
28.830000000000002,0.0
28.84,0.0
28.85,0.0
28.86,0.0
28.87,0.0
28.88,0.0
28.89,0.0
28.900000000000002,0.0
28.91,0.0
28.92,0.0
28.93,0.0
28.94,0.0
28.95,0.0
28.96,0.0
28.97,0.0
28.98,0.0
28.990000000000002,0.0
29.0,0.0
29.01,0.0
29.02,0.0
29.03,0.0
29.04,0.0
29.05,0.0
29.060000000000002,0.0
29.07,0.0
29.080000000000002,0.0
29.09,0.0
29.1,0.0
29.11,0.0
29.12,0.0
29.13,0.0
29.14,0.0
29.150000000000002,0.0
29.16,0.0
29.17,0.0
29.18,0.0
29.19,0.0
29.2,0.0
29.21,0.0
29.22,0.0
29.23,0.0
29.240000000000002,0.0
29.25,0.0
29.26,0.0
29.27,0.0
29.28,0.0
29.29,0.0
29.3,0.0
29.310000000000002,0.0
29.32,0.0
29.330000000000002,0.0
29.34,0.0
29.35,0.0
29.36,0.0
29.37,0.0
29.38,0.0
29.39,0.0
29.400000000000002,0.0
29.41,0.0
29.42,0.0
29.43,0.0
29.44,0.0
29.45,0.0
29.46,0.0
29.47,0.0
29.48,0.0
29.490000000000002,0.0
29.5,0.0
29.51,0.0
29.52,0.0
29.53,0.0
29.54,0.0
29.55,0.0
29.560000000000002,0.0
29.57,0.0
29.580000000000002,0.0
29.59,0.0
29.6,0.0
29.61,0.0
29.62,0.0
29.63,0.0
29.64,0.0
29.650000000000002,0.0
29.66,0.0
29.67,0.0
29.68,0.0
29.69,0.0
29.7,0.0
29.71,0.0
29.72,0.0
29.73,0.0
29.740000000000002,0.0
29.75,0.0
29.76,0.0
29.77,0.0
29.78,0.0
29.79,0.0
29.8,0.0
29.810000000000002,0.0
29.82,0.0
29.830000000000002,0.0
29.84,0.0
29.85,0.0
29.86,0.0
29.87,0.0
29.88,0.0
29.89,0.0
29.900000000000002,0.0
29.91,0.0
29.92,0.0
29.93,0.0
29.94,0.0
29.95,0.0
29.96,0.0
29.97,0.0
29.98,0.0
29.990000000000002,0.0
30.0,0.0
30.01,0.0
30.02,0.0
30.03,0.0
30.04,0.0
30.05,0.0
30.060000000000002,0.0
30.07,0.0
30.080000000000002,0.0
30.09,0.0
30.1,0.0
30.11,0.0
30.12,0.0
30.13,0.0
30.14,0.0
30.150000000000002,0.0
30.16,0.0
30.17,0.0
30.18,0.0
30.19,0.0
30.2,0.0
30.21,0.0
30.22,0.0
30.23,0.0
30.240000000000002,0.0
30.25,0.0
30.26,0.0
30.27,0.0
30.28,0.0
30.29,0.0
30.3,0.0
30.310000000000002,0.0
30.32,0.0
30.330000000000002,0.0
30.34,0.0
30.35,0.0
30.36,0.0
30.37,0.0
30.38,0.0
30.39,0.0
30.400000000000002,0.0
30.41,0.0
30.42,0.0
30.43,0.0
30.44,0.0
30.45,0.0
30.46,0.0
30.47,0.0
30.48,0.0
30.490000000000002,0.0
30.5,0.0
30.51,0.0
30.52,0.0
30.53,0.0
30.54,0.0
30.55,0.0
30.560000000000002,0.0
30.57,0.0
30.580000000000002,0.0
30.59,0.0
30.6,0.0
30.61,0.0
30.62,0.0
30.63,0.0
30.64,0.0
30.650000000000002,0.0
30.66,0.0
30.67,0.0
30.68,0.0
30.69,0.0
30.7,0.0
30.71,0.0
30.72,0.0
30.73,0.0
30.740000000000002,0.0
30.75,0.0
30.76,0.0
30.77,0.0
30.78,0.0
30.79,0.0
30.8,0.0
30.810000000000002,0.0
30.82,0.0
30.830000000000002,0.0
30.84,0.0
30.85,0.0
30.86,0.0
30.87,0.0
30.88,0.0
30.89,0.0
30.900000000000002,0.0
30.91,0.0
30.92,0.0
30.93,0.0
30.94,0.0
30.95,0.0
30.96,0.0
30.970000000000002,0.0
30.98,0.0
30.990000000000002,0.0
31.0,0.0
31.01,0.0
31.02,0.0
31.03,0.0
31.04,0.0
31.05,0.0
31.060000000000002,0.0
31.07,0.0
31.080000000000002,0.0
31.09,0.0
31.1,0.0
31.11,0.0
31.12,0.0
31.13,0.0
31.14,0.0
31.150000000000002,0.0
31.16,0.0
31.17,0.0
31.18,0.0
31.19,0.0
31.2,0.0
31.21,0.0
31.220000000000002,0.0
31.23,0.0
31.240000000000002,0.0
31.25,0.0
31.26,0.0
31.27,0.0
31.28,0.0
31.29,0.0
31.3,0.0
31.310000000000002,0.0
31.32,0.0
31.330000000000002,0.0
31.34,0.0
31.35,0.0
31.36,0.0
31.37,0.0
31.38,0.0
31.39,0.0
31.400000000000002,0.0
31.41,0.0
31.42,0.0
31.43,0.0
31.44,0.0
31.45,0.0
31.46,0.0
31.470000000000002,0.0
31.48,0.0
31.490000000000002,0.0
31.5,0.0
31.51,0.0
31.52,0.0
31.53,0.0
31.54,0.0
31.55,0.0
31.560000000000002,0.0
31.57,0.0
31.580000000000002,0.0
31.59,0.0
31.6,0.0
31.61,0.0
31.62,0.0
31.63,0.0
31.64,0.0
31.650000000000002,0.0
31.66,0.0
31.67,0.0
31.68,0.0
31.69,0.0
31.7,0.0
31.71,0.0
31.720000000000002,0.0
31.73,0.0
31.740000000000002,0.0
31.75,0.0
31.76,0.0
31.77,0.0
31.78,0.0
31.79,0.0
31.8,0.0
31.810000000000002,0.0
31.82,0.0
31.830000000000002,0.0
31.84,0.0
31.85,0.0
31.86,0.0
31.87,0.0
31.88,0.0
31.89,0.0
31.900000000000002,0.0
31.91,0.0
31.92,0.0
31.93,0.0
31.94,0.0
31.95,0.0
31.96,0.0
31.970000000000002,0.0
31.98,0.0
31.990000000000002,0.0
32.0,0.0
32.01,0.0
32.02,0.0
32.03,0.0
32.04,0.0
32.05,0.0
32.06,0.0
32.07,0.0
32.08,0.0
32.09,0.0
32.1,0.0
32.11,0.0
32.12,0.0
32.13,0.0
32.14,0.0
32.15,0.0
32.160000000000004,0.0
32.17,0.0
32.18,0.0
32.19,0.0
32.2,0.0
32.21,0.0
32.22,0.0
32.230000000000004,0.0
32.24,0.0
32.25,0.0
32.26,0.0
32.27,0.0
32.28,0.0
32.29,0.0
32.3,0.0
32.31,0.0
32.32,0.0
32.33,0.0
32.34,0.0
32.35,0.0
32.36,0.0
32.37,0.0
32.38,0.0
32.39,0.0
32.4,0.0
32.410000000000004,0.0
32.42,0.0
32.43,0.0
32.44,0.0
32.45,0.0
32.46,0.0
32.47,0.0
32.480000000000004,0.0
32.49,0.0
32.5,0.0
32.51,0.0
32.52,0.0
32.53,0.0
32.54,0.0
32.55,0.0
32.56,0.0
32.57,0.0
32.58,0.0
32.59,0.0
32.6,0.0
32.61,0.0
32.62,0.0
32.63,0.0
32.64,0.0
32.65,0.0
32.660000000000004,0.0
32.67,0.0
32.68,0.0
32.69,0.0
32.7,0.0
32.71,0.0
32.72,0.0
32.730000000000004,0.0
32.74,0.0
32.75,0.0
32.76,0.0
32.77,0.0
32.78,0.0
32.79,0.0
32.8,0.0
32.81,0.0
32.82,0.0
32.83,0.0
32.84,0.0
32.85,0.0
32.86,0.0
32.87,0.0
32.88,0.0
32.89,0.0
32.9,0.0
32.910000000000004,0.0
32.92,0.0
32.93,0.0
32.94,0.0
32.95,0.0
32.96,0.0
32.97,0.0
32.980000000000004,0.0
32.99,0.0
33.0,0.0
33.01,0.0
33.02,0.0
33.03,0.0
33.04,0.0
33.05,0.0
33.06,0.0
33.07,0.0
33.08,0.0
33.09,0.0
33.1,0.0
33.11,0.0
33.12,0.0
33.13,0.0
33.14,0.0
33.15,0.0
33.160000000000004,0.0
33.17,0.0
33.18,0.0
33.19,0.0
33.2,0.0
33.21,0.0
33.22,0.0
33.230000000000004,0.0
33.24,0.0
33.25,0.0
33.26,0.0
33.27,0.0
33.28,0.0
33.29,0.0
33.3,0.0
33.31,0.0
33.32,0.0
33.33,0.0
33.34,0.0
33.35,0.0
33.36,0.0
33.37,0.0
33.38,0.0
33.39,0.0
33.4,0.0
33.410000000000004,0.0
33.42,0.0
33.43,0.0
33.44,0.0
33.45,0.0
33.46,0.0
33.47,0.0
33.480000000000004,0.0
33.49,0.0
33.5,0.0
33.51,0.0
33.52,0.0
33.53,0.0
33.54,0.0
33.55,0.0
33.56,0.0
33.57,0.0
33.58,0.0
33.59,0.0
33.6,0.0
33.61,0.0
33.62,0.0
33.63,0.0
33.64,0.0
33.65,0.0
33.660000000000004,0.0
33.67,0.0
33.68,0.0
33.69,0.0
33.7,0.0
33.71,0.0
33.72,0.0
33.730000000000004,0.0
33.74,0.0
33.75,0.0
33.76,0.0
33.77,0.0
33.78,0.0
33.79,0.0
33.8,0.0
33.81,0.0
33.82,0.0
33.83,0.0
33.84,0.0
33.85,0.0
33.86,0.0
33.87,0.0
33.88,0.0
33.89,0.0
33.9,0.0
33.910000000000004,0.0
33.92,0.0
33.93,0.0
33.94,0.0
33.95,0.0
33.96,0.0
33.97,0.0
33.980000000000004,0.0
33.99,0.0
34.0,0.0
34.01,0.0
34.02,0.0
34.03,0.0
34.04,0.0
34.05,0.0
34.06,0.0
34.07,0.0
34.08,0.0
34.09,0.0
34.1,0.0
34.11,0.0
34.12,0.0
34.13,0.0
34.14,0.0
34.15,0.0
34.160000000000004,0.0
34.17,0.0
34.18,0.0
34.19,0.0
34.2,0.0
34.21,0.0
34.22,0.0
34.230000000000004,0.0
34.24,0.0
34.25,0.0
34.26,0.0
34.27,0.0
34.28,0.0
34.29,0.0
34.300000000000004,0.0
34.31,0.0
34.32,0.0
34.33,0.0
34.34,0.0
34.35,0.0
34.36,0.0
34.37,0.0
34.38,0.0
34.39,0.0
34.4,0.0
34.410000000000004,0.0
34.42,0.0
34.43,0.0
34.44,0.0
34.45,0.0
34.46,0.0
34.47,0.0
34.480000000000004,0.0
34.49,0.0
34.5,0.0
34.51,0.0
34.52,0.0
34.53,0.0
34.54,0.0
34.550000000000004,0.0
34.56,0.0
34.57,0.0
34.58,0.0
34.59,0.0
34.6,0.0
34.61,0.0
34.62,0.0
34.63,0.0
34.64,0.0
34.65,0.0
34.660000000000004,0.0
34.67,0.0
34.68,0.0
34.69,0.0
34.7,0.0
34.71,0.0
34.72,0.0
34.730000000000004,0.0
34.74,0.0
34.75,0.0
34.76,0.0
34.77,0.0
34.78,0.0
34.79,0.0
34.800000000000004,0.0
34.81,0.0
34.82,0.0
34.83,0.0
34.84,0.0
34.85,0.0
34.86,0.0
34.87,0.0
34.88,0.0
34.89,0.0
34.9,0.0
34.910000000000004,0.0
34.92,0.0
34.93,0.0
34.94,0.0
34.95,0.0
34.96,0.0
34.97,0.0
34.980000000000004,0.0
34.99,0.0
35.0,0.0
35.01,0.0
35.02,0.0
35.03,0.0
35.04,0.0
35.050000000000004,0.0
35.06,0.0
35.07,0.0
35.08,0.0
35.09,0.0
35.1,0.0
35.11,0.0
35.12,0.0
35.13,0.0
35.14,0.0
35.15,0.0
35.160000000000004,0.0
35.17,0.0
35.18,0.0
35.19,0.0
35.2,0.0
35.21,0.0
35.22,0.0
35.230000000000004,0.0
35.24,0.0
35.25,0.0
35.26,0.0
35.27,0.0
35.28,0.0
35.29,0.0
35.300000000000004,0.0
35.31,0.0
35.32,0.0
35.33,0.0
35.34,0.0
35.35,0.0
35.36,0.0
35.37,0.0
35.38,0.0
35.39,0.0
35.4,0.0
35.410000000000004,0.0
35.42,0.0
35.43,0.0
35.44,0.0
35.45,0.0
35.46,0.0
35.47,0.0
35.480000000000004,0.0
35.49,0.0
35.5,0.0
35.51,0.0
35.52,0.0
35.53,0.0
35.54,0.0
35.550000000000004,0.0
35.56,0.0
35.57,0.0
35.58,0.0
35.59,0.0
35.6,0.0
35.61,0.0
35.62,0.0
35.63,0.0
35.64,0.0
35.65,0.0
35.660000000000004,0.0
35.67,0.0
35.68,0.0
35.69,0.0
35.7,0.0
35.71,0.0
35.72,0.0
35.730000000000004,0.0
35.74,0.0
35.75,0.0
35.76,0.0
35.77,0.0
35.78,0.0
35.79,0.0
35.800000000000004,0.0
35.81,0.0
35.82,0.0
35.83,0.0
35.84,0.0
35.85,0.0
35.86,0.0
35.87,0.0
35.88,0.0
35.89,0.0
35.9,0.0
35.910000000000004,0.0
35.92,0.0
35.93,0.0
35.94,0.0
35.95,0.0
35.96,0.0
35.97,0.0
35.980000000000004,0.0
35.99,0.0
36.0,0.0
36.01,0.0
36.02,0.0
36.03,0.0
36.04,0.0
36.050000000000004,0.0
36.06,0.0
36.07,0.0
36.08,0.0
36.09,0.0
36.1,0.0
36.11,0.0
36.12,0.0
36.13,0.0
36.14,0.0
36.15,0.0
36.160000000000004,0.0
36.17,0.0
36.18,0.0
36.19,0.0
36.2,0.0
36.21,0.0
36.22,0.0
36.230000000000004,0.0
36.24,0.0
36.25,0.0
36.26,0.0
36.27,0.0
36.28,0.0
36.29,0.0
36.300000000000004,0.0
36.31,0.0
36.32,0.0
36.33,0.0
36.34,0.0
36.35,0.0
36.36,0.0
36.37,0.0
36.38,0.0
36.39,0.0
36.4,0.0
36.410000000000004,0.0
36.42,0.0
36.43,0.0
36.44,0.0
36.45,0.0
36.46,0.0
36.47,0.0
36.480000000000004,0.0
36.49,0.0
36.5,0.0
36.51,0.0
36.52,0.0
36.53,0.0
36.54,0.0
36.550000000000004,0.0
36.56,0.0
36.57,0.0
36.58,0.0
36.59,0.0
36.6,0.0
36.61,0.0
36.62,0.0
36.63,0.0
36.64,0.0
36.65,0.0
36.660000000000004,0.0
36.67,0.0
36.68,0.0
36.69,0.0
36.7,0.0
36.71,0.0
36.72,0.0
36.730000000000004,0.0
36.74,0.0
36.75,0.0
36.76,0.0
36.77,0.0
36.78,0.0
36.79,0.0
36.800000000000004,0.0
36.81,0.0
36.82,0.0
36.83,0.0
36.84,0.0
36.85,0.0
36.86,0.0
36.87,0.0
36.88,0.0
36.89,0.0
36.9,0.0
36.910000000000004,0.0
36.92,0.0
36.93,0.0
36.94,0.0
36.95,0.0
36.96,0.0
36.97,0.0
36.980000000000004,0.0
36.99,0.0
37.0,0.0
37.01,0.0
37.02,0.0
37.03,0.0
37.04,0.0
37.050000000000004,0.0
37.06,0.0
37.07,0.0
37.08,0.0
37.09,0.0
37.1,0.0
37.11,0.0
37.12,0.0
37.13,0.0
37.14,0.0
37.15,0.0
37.160000000000004,0.0
37.17,0.0
37.18,0.0
37.19,0.0
37.2,0.0
37.21,0.0
37.22,0.0
37.230000000000004,0.0
37.24,0.0
37.25,0.0
37.26,0.0
37.27,0.0
37.28,0.0
37.29,0.0
37.300000000000004,0.0
37.31,0.0
37.32,0.0
37.33,0.0
37.34,0.0
37.35,0.0
37.36,0.0
37.37,0.0
37.38,0.0
37.39,0.0
37.4,0.0
37.410000000000004,0.0
37.42,0.0
37.43,0.0
37.44,0.0
37.45,0.0
37.46,0.0
37.47,0.0
37.480000000000004,0.0
37.49,0.0
37.5,0.0
37.51,0.0
37.52,0.0
37.53,0.0
37.54,0.0
37.550000000000004,0.0
37.56,0.0
37.57,0.0
37.58,0.0
37.59,0.0
37.6,0.0
37.61,0.0
37.62,0.0
37.63,0.0
37.64,0.0
37.65,0.0
37.660000000000004,0.0
37.67,0.0
37.68,0.0
37.69,0.0
37.7,0.0
37.71,0.0
37.72,0.0
37.730000000000004,0.0
37.74,0.0
37.75,0.0
37.76,0.0
37.77,0.0
37.78,0.0
37.79,0.0
37.800000000000004,0.0
37.81,0.0
37.82,0.0
37.83,0.0
37.84,0.0
37.85,0.0
37.86,0.0
37.87,0.0
37.88,0.0
37.89,0.0
37.9,0.0
37.910000000000004,0.0
37.92,0.0
37.93,0.0
37.94,0.0
37.95,0.0
37.96,0.0
37.97,0.0
37.980000000000004,0.0
37.99,0.0
38.0,0.0
38.01,0.0
38.02,0.0
38.03,0.0
38.04,0.0
38.050000000000004,0.0
38.06,0.0
38.07,0.0
38.08,0.0
38.09,0.0
38.1,0.0
38.11,0.0
38.12,0.0
38.13,0.0
38.14,0.0
38.15,0.0
38.160000000000004,0.0
38.17,0.0
38.18,0.0
38.19,0.0
38.2,0.0
38.21,0.0
38.22,0.0
38.230000000000004,0.0
38.24,0.0
38.25,0.0
38.26,0.0
38.27,0.0
38.28,0.0
38.29,0.0
38.300000000000004,0.0
38.31,0.0
38.32,0.0
38.33,0.0
38.34,0.0
38.35,0.0
38.36,0.0
38.37,0.0
38.38,0.0
38.39,0.0
38.4,0.0
38.410000000000004,0.0
38.42,0.0
38.43,0.0
38.44,0.0
38.45,0.0
38.46,0.0
38.47,0.0
38.480000000000004,0.0
38.49,0.0
38.5,0.0
38.51,0.0
38.52,0.0
38.53,0.0
38.54,0.0
38.550000000000004,0.0
38.56,0.0
38.57,0.0
38.58,0.0
38.59,0.0
38.6,0.0
38.61,0.0
38.62,0.0
38.63,0.0
38.64,0.0
38.65,0.0
38.660000000000004,0.0
38.67,0.0
38.68,0.0
38.69,0.0
38.7,0.0
38.71,0.0
38.72,0.0
38.730000000000004,0.0
38.74,0.0
38.75,0.0
38.76,0.0
38.77,0.0
38.78,0.0
38.79,0.0
38.800000000000004,0.0
38.81,0.0
38.82,0.0
38.83,0.0
38.84,0.0
38.85,0.0
38.86,0.0
38.87,0.0
38.88,0.0
38.89,0.0
38.9,0.0
38.910000000000004,0.0
38.92,0.0
38.93,0.0
38.94,0.0
38.95,0.0
38.96,0.0
38.97,0.0
38.980000000000004,0.0
38.99,0.0
39.0,0.0
39.01,0.0
39.02,0.0
39.03,0.0
39.04,0.0
39.050000000000004,0.0
39.06,0.0
39.07,0.0
39.08,0.0
39.09,0.0
39.1,0.0
39.11,0.0
39.12,0.0
39.13,0.0
39.14,0.0
39.15,0.0
39.160000000000004,0.0
39.17,0.0
39.18,0.0
39.19,0.0
39.2,0.0
39.21,0.0
39.22,0.0
39.230000000000004,0.0
39.24,0.0
39.25,0.0
39.26,0.0
39.27,0.0
39.28,0.0
39.29,0.0
39.300000000000004,0.0
39.31,0.0
39.32,0.0
39.33,0.0
39.34,0.0
39.35,0.0
39.36,0.0
39.37,0.0
39.38,0.0
39.39,0.0
39.4,0.0
39.410000000000004,0.0
39.42,0.0
39.43,0.0
39.44,0.0
39.45,0.0
39.46,0.0
39.47,0.0
39.480000000000004,0.0
39.49,0.0
39.5,0.0
39.51,0.0
39.52,0.0
39.53,0.0
39.54,0.0
39.550000000000004,0.0
39.56,0.0
39.57,0.0
39.58,0.0
39.59,0.0
39.6,0.0
39.61,0.0
39.62,0.0
39.63,0.0
39.64,0.0
39.65,0.0
39.660000000000004,0.0
39.67,0.0
39.68,0.0
39.69,0.0
39.7,0.0
39.71,0.0
39.72,0.0
39.730000000000004,0.0
39.74,0.0
39.75,0.0
39.76,0.0
39.77,0.0
39.78,0.0
39.79,0.0
39.800000000000004,0.0
39.81,0.0
39.82,0.0
39.83,0.0
39.84,0.0
39.85,0.0
39.86,0.0
39.87,0.0
39.88,0.0
39.89,0.0
39.9,0.0
39.910000000000004,0.0
39.92,0.0
39.93,0.0
39.94,0.0
39.95,0.0
39.96,0.0
39.97,0.0
39.980000000000004,0.0
39.99,0.0
40.0,0.0
40.01,0.0
40.02,0.0
40.03,0.0
40.04,0.0
40.050000000000004,0.0
40.06,0.0
40.07,0.0
40.08,0.0
40.09,0.0
40.1,0.0
40.11,0.0
40.12,0.0
40.13,0.0
40.14,0.0
40.15,0.0
40.160000000000004,0.0
40.17,0.0
40.18,0.0
40.19,0.0
40.2,0.0
40.21,0.0
40.22,0.0
40.230000000000004,0.0
40.24,0.0
40.25,0.0
40.26,0.0
40.27,0.0
40.28,0.0
40.29,0.0
40.300000000000004,0.0
40.31,0.0
40.32,0.0
40.33,0.0
40.34,0.0
40.35,0.0
40.36,0.0
40.37,0.0
40.38,0.0
40.39,0.0
40.4,0.0
40.410000000000004,0.0
40.42,0.0
40.43,0.0
40.44,0.0
40.45,0.0
40.46,0.0
40.47,0.0
40.480000000000004,0.0
40.49,0.0
40.5,0.0
40.51,0.0
40.52,0.0
40.53,0.0
40.54,0.0
40.550000000000004,0.0
40.56,0.0
40.57,0.0
40.58,0.0
40.59,0.0
40.6,0.0
40.61,0.0
40.62,0.0
40.63,0.0
40.64,0.0
40.65,0.0
40.660000000000004,0.0
40.67,0.0
40.68,0.0
40.69,0.0
40.7,0.0
40.71,0.0
40.72,0.0
40.730000000000004,0.0
40.74,0.0
40.75,0.0
40.76,0.0
40.77,0.0
40.78,0.0
40.79,0.0
40.800000000000004,0.0
40.81,0.0
40.82,0.0
40.83,0.0
40.84,0.0
40.85,0.0
40.86,0.0
40.87,0.0
40.88,0.0
40.89,0.0
40.9,0.0
40.910000000000004,0.0
40.92,0.0
40.93,0.0
40.94,0.0
40.95,0.0
40.96,0.0
40.97,0.0
40.980000000000004,0.0
40.99,0.0
41.0,0.0
41.01,0.0
41.02,0.0
41.03,0.0
41.04,0.0
41.050000000000004,0.0
41.06,0.0
41.07,0.0
41.08,0.0
41.09,0.0
41.1,0.0
41.11,0.0
41.12,0.0
41.13,0.0
41.14,0.0
41.15,0.0
41.160000000000004,0.0
41.17,0.0
41.18,0.0
41.19,0.0
41.2,0.0
41.21,0.0
41.22,0.0
41.230000000000004,0.0
41.24,0.0
41.25,0.0
41.26,0.0
41.27,0.0
41.28,0.0
41.29,0.0
41.300000000000004,0.0
41.31,0.0
41.32,0.0
41.33,0.0
41.34,0.0
41.35,0.0
41.36,0.0
41.37,0.0
41.38,0.0
41.39,0.0
41.4,0.0
41.410000000000004,0.0
41.42,0.0
41.43,0.0
41.44,0.0
41.45,0.0
41.46,0.0
41.47,0.0
41.480000000000004,0.0
41.49,0.0
41.5,0.0
41.51,0.0
41.52,0.0
41.53,0.0
41.54,0.0
41.550000000000004,0.0
41.56,0.0
41.57,0.0
41.58,0.0
41.59,0.0
41.6,0.0
41.61,0.0
41.62,0.0
41.63,0.0
41.64,0.0
41.65,0.0
41.660000000000004,0.0
41.67,0.0
41.68,0.0
41.69,0.0
41.7,0.0
41.71,0.0
41.72,0.0
41.730000000000004,0.0
41.74,0.0
41.75,0.0
41.76,0.0
41.77,0.0
41.78,0.0
41.79,0.0
41.800000000000004,0.0
41.81,0.0
41.82,0.0
41.83,0.0
41.84,0.0
41.85,0.0
41.86,0.0
41.87,0.0
41.88,0.0
41.89,0.0
41.9,0.0
41.910000000000004,0.0
41.92,0.0
41.93,0.0
41.94,0.0
41.95,0.0
41.96,0.0
41.97,0.0
41.980000000000004,0.0
41.99,0.0
42.0,0.0
42.01,0.0
42.02,0.0
42.03,0.0
42.04,0.0
42.050000000000004,0.0
42.06,0.0
42.07,0.0
42.08,0.0
42.09,0.0
42.1,0.0
42.11,0.0
42.12,0.0
42.13,0.0
42.14,0.0
42.15,0.0
42.160000000000004,0.0
42.17,0.0
42.18,0.0
42.19,0.0
42.2,0.0
42.21,0.0
42.22,0.0
42.230000000000004,0.0
42.24,0.0
42.25,0.0
42.26,0.0
42.27,0.0
42.28,0.0
42.29,0.0
42.300000000000004,0.0
42.31,0.0
42.32,0.0
42.33,0.0
42.34,0.0
42.35,0.0
42.36,0.0
42.37,0.0
42.38,0.0
42.39,0.0
42.4,0.0
42.410000000000004,0.0
42.42,0.0
42.43,0.0
42.44,0.0
42.45,0.0
42.46,0.0
42.47,0.0
42.480000000000004,0.0
42.49,0.0
42.5,0.0
42.51,0.0
42.52,0.0
42.53,0.0
42.54,0.0
42.550000000000004,0.0
42.56,0.0
42.57,0.0
42.58,0.0
42.59,0.0
42.6,0.0
42.61,0.0
42.62,0.0
42.63,0.0
42.64,0.0
42.65,0.0
42.660000000000004,0.0
42.67,0.0
42.68,0.0
42.69,0.0
42.7,0.0
42.71,0.0
42.72,0.0
42.730000000000004,0.0
42.74,0.0
42.75,0.0
42.76,0.0
42.77,0.0
42.78,0.0
42.79,0.0
42.800000000000004,0.0
42.81,0.0
42.82,0.0
42.83,0.0
42.84,0.0
42.85,0.0
42.86,0.0
42.87,0.0
42.88,0.0
42.89,0.0
42.9,0.0
42.910000000000004,0.0
42.92,0.0
42.93,0.0
42.94,0.0
42.95,0.0
42.96,0.0
42.97,0.0
42.980000000000004,0.0
42.99,0.0
43.0,0.0
43.01,0.0
43.02,0.0
43.03,0.0
43.04,0.0
43.050000000000004,0.0
43.06,0.0
43.07,0.0
43.08,0.0
43.09,0.0
43.1,0.0
43.11,0.0
43.12,0.0
43.13,0.0
43.14,0.0
43.15,0.0
43.160000000000004,0.0
43.17,0.0
43.18,0.0
43.19,0.0
43.2,0.0
43.21,0.0
43.22,0.0
43.230000000000004,0.0
43.24,0.0
43.25,0.0
43.26,0.0
43.27,0.0
43.28,0.0
43.29,0.0
43.300000000000004,0.0
43.31,0.0
43.32,0.0
43.33,0.0
43.34,0.0
43.35,0.0
43.36,0.0
43.37,0.0
43.38,0.0
43.39,0.0
43.4,0.0
43.410000000000004,0.0
43.42,0.0
43.43,0.0
43.44,0.0
43.45,0.0
43.46,0.0
43.47,0.0
43.480000000000004,0.0
43.49,0.0
43.5,0.0
43.51,0.0
43.52,0.0
43.53,0.0
43.54,0.0
43.550000000000004,0.0
43.56,0.0
43.57,0.0
43.58,0.0
43.59,0.0
43.6,0.0
43.61,0.0
43.62,0.0
43.63,0.0
43.64,0.0
43.65,0.0
43.660000000000004,0.0
43.67,0.0
43.68,0.0
43.69,0.0
43.7,0.0
43.71,0.0
43.72,0.0
43.730000000000004,0.0
43.74,0.0
43.75,0.0
43.76,0.0
43.77,0.0
43.78,0.0
43.79,0.0
43.800000000000004,0.0
43.81,0.0
43.82,0.0
43.83,0.0
43.84,0.0
43.85,0.0
43.86,0.0
43.87,0.0
43.88,0.0
43.89,0.0
43.9,0.0
43.910000000000004,0.0
43.92,0.0
43.93,0.0
43.94,0.0
43.95,0.0
43.96,0.0
43.97,0.0
43.980000000000004,0.0
43.99,0.0
44.0,0.0
44.01,0.0
44.02,0.0
44.03,0.0
44.04,0.0
44.050000000000004,0.0
44.06,0.0
44.07,0.0
44.08,0.0
44.09,0.0
44.1,0.0
44.11,0.0
44.12,0.0
44.13,0.0
44.14,0.0
44.15,0.0
44.160000000000004,0.0
44.17,0.0
44.18,0.0
44.19,0.0
44.2,0.0
44.21,0.0
44.22,0.0
44.230000000000004,0.0
44.24,0.0
44.25,0.0
44.26,0.0
44.27,0.0
44.28,0.0
44.29,0.0
44.300000000000004,0.0
44.31,0.0
44.32,0.0
44.33,0.0
44.34,0.0
44.35,0.0
44.36,0.0
44.37,0.0
44.38,0.0
44.39,0.0
44.4,0.0
44.410000000000004,0.0
44.42,0.0
44.43,0.0
44.44,0.0
44.45,0.0
44.46,0.0
44.47,0.0
44.480000000000004,0.0
44.49,0.0
44.5,0.0
44.51,0.0
44.52,0.0
44.53,0.0
44.54,0.0
44.550000000000004,0.0
44.56,0.0
44.57,0.0
44.58,0.0
44.59,0.0
44.6,0.0
44.61,0.0
44.62,0.0
44.63,0.0
44.64,0.0
44.65,0.0
44.660000000000004,0.0
44.67,0.0
44.68,0.0
44.69,0.0
44.7,0.0
44.71,0.0
44.72,0.0
44.730000000000004,0.0
44.74,0.0
44.75,0.0
44.76,0.0
44.77,0.0
44.78,0.0
44.79,0.0
44.800000000000004,0.0
44.81,0.0
44.82,0.0
44.83,0.0
44.84,0.0
44.85,0.0
44.86,0.0
44.87,0.0
44.88,0.0
44.89,0.0
44.9,0.0
44.910000000000004,0.0
44.92,0.0
44.93,0.0
44.94,0.0
44.95,0.0
44.96,0.0
44.97,0.0
44.980000000000004,0.0
44.99,0.0
45.0,0.0
45.01,0.0
45.02,0.0
45.03,0.0
45.04,0.0
45.050000000000004,0.0
45.06,0.0
45.07,0.0
45.08,0.0
45.09,0.0
45.1,0.0
45.11,0.0
45.12,0.0
45.13,0.0
45.14,0.0
45.15,0.0
45.160000000000004,0.0
45.17,0.0
45.18,0.0
45.19,0.0
45.2,0.0
45.21,0.0
45.22,0.0
45.230000000000004,0.0
45.24,0.0
45.25,0.0
45.26,0.0
45.27,0.0
45.28,0.0
45.29,0.0
45.300000000000004,0.0
45.31,0.0
45.32,0.0
45.33,0.0
45.34,0.0
45.35,0.0
45.36,0.0
45.37,0.0
45.38,0.0
45.39,0.0
45.4,0.0
45.410000000000004,0.0
45.42,0.0
45.43,0.0
45.44,0.0
45.45,0.0
45.46,0.0
45.47,0.0
45.480000000000004,0.0
45.49,0.0
45.5,0.0
45.51,0.0
45.52,0.0
45.53,0.0
45.54,0.0
45.550000000000004,0.0
45.56,0.0
45.57,0.0
45.58,0.0
45.59,0.0
45.6,0.0
45.61,0.0
45.62,0.0
45.63,0.0
45.64,0.0
45.65,0.0
45.660000000000004,0.0
45.67,0.0
45.68,0.0
45.69,0.0
45.7,0.0
45.71,0.0
45.72,0.0
45.730000000000004,0.0
45.74,0.0
45.75,0.0
45.76,0.0
45.77,0.0
45.78,0.0
45.79,0.0
45.800000000000004,0.0
45.81,0.0
45.82,0.0
45.83,0.0
45.84,0.0
45.85,0.0
45.86,0.0
45.87,0.0
45.88,0.0
45.89,0.0
45.9,0.0
45.910000000000004,0.0
45.92,0.0
45.93,0.0
45.94,0.0
45.95,0.0
45.96,0.0
45.97,0.0
45.980000000000004,0.0
45.99,0.0
46.0,0.0
46.01,0.0
46.02,0.0
46.03,0.0
46.04,0.0
46.050000000000004,0.0
46.06,0.0
46.07,0.0
46.08,0.0
46.09,0.0
46.1,0.0
46.11,0.0
46.12,0.0
46.13,0.0
46.14,0.0
46.15,0.0
46.160000000000004,0.0
46.17,0.0
46.18,0.0
46.19,0.0
46.2,0.0
46.21,0.0
46.22,0.0
46.230000000000004,0.0
46.24,0.0
46.25,0.0
46.26,0.0
46.27,0.0
46.28,0.0
46.29,0.0
46.300000000000004,0.0
46.31,0.0
46.32,0.0
46.33,0.0
46.34,0.0
46.35,0.0
46.36,0.0
46.37,0.0
46.38,0.0
46.39,0.0
46.4,0.0
46.410000000000004,0.0
46.42,0.0
46.43,0.0
46.44,0.0
46.45,0.0
46.46,0.0
46.47,0.0
46.480000000000004,0.0
46.49,0.0
46.5,0.0
46.51,0.0
46.52,0.0
46.53,0.0
46.54,0.0
46.550000000000004,0.0
46.56,0.0
46.57,0.0
46.58,0.0
46.59,0.0
46.6,0.0
46.61,0.0
46.62,0.0
46.63,0.0
46.64,0.0
46.65,0.0
46.660000000000004,0.0
46.67,0.0
46.68,0.0
46.69,0.0
46.7,0.0
46.71,0.0
46.72,0.0
46.730000000000004,0.0
46.74,0.0
46.75,0.0
46.76,0.0
46.77,0.0
46.78,0.0
46.79,0.0
46.800000000000004,0.0
46.81,0.0
46.82,0.0
46.83,0.0
46.84,0.0
46.85,0.0
46.86,0.0
46.87,0.0
46.88,0.0
46.89,0.0
46.9,0.0
46.910000000000004,0.0
46.92,0.0
46.93,0.0
46.94,0.0
46.95,0.0
46.96,0.0
46.97,0.0
46.980000000000004,0.0
46.99,0.0
47.0,0.0
47.01,0.0
47.02,0.0
47.03,0.0
47.04,0.0
47.050000000000004,0.0
47.06,0.0
47.07,0.0
47.08,0.0
47.09,0.0
47.1,0.0
47.11,0.0
47.12,0.0
47.13,0.0
47.14,0.0
47.15,0.0
47.160000000000004,0.0
47.17,0.0
47.18,0.0
47.19,0.0
47.2,0.0
47.21,0.0
47.22,0.0
47.230000000000004,0.0
47.24,0.0
47.25,0.0
47.26,0.0
47.27,0.0
47.28,0.0
47.29,0.0
47.300000000000004,0.0
47.31,0.0
47.32,0.0
47.33,0.0
47.34,0.0
47.35,0.0
47.36,0.0
47.37,0.0
47.38,0.0
47.39,0.0
47.4,0.0
47.410000000000004,0.0
47.42,0.0
47.43,0.0
47.44,0.0
47.45,0.0
47.46,0.0
47.47,0.0
47.480000000000004,0.0
47.49,0.0
47.5,0.0
47.51,0.0
47.52,0.0
47.53,0.0
47.54,0.0
47.550000000000004,0.0
47.56,0.0
47.57,0.0
47.58,0.0
47.59,0.0
47.6,0.0
47.61,0.0
47.62,0.0
47.63,0.0
47.64,0.0
47.65,0.0
47.660000000000004,0.0
47.67,0.0
47.68,0.0
47.69,0.0
47.7,0.0
47.71,0.0
47.72,0.0
47.730000000000004,0.0
47.74,0.0
47.75,0.0
47.76,0.0
47.77,0.0
47.78,0.0
47.79,0.0
47.800000000000004,0.0
47.81,0.0
47.82,0.0
47.83,0.0
47.84,0.0
47.85,0.0
47.86,0.0
47.870000000000005,0.0
47.88,0.0
47.89,0.0
47.9,0.0
47.910000000000004,0.0
47.92,0.0
47.93,0.0
47.94,0.0
47.95,0.0
47.96,0.0
47.97,0.0
47.980000000000004,0.0
47.99,0.0
48.0,0.0
48.01,0.0
48.02,0.0
48.03,0.0
48.04,0.0
48.050000000000004,0.0
48.06,0.0
48.07,0.0
48.08,0.0
48.09,0.0
48.1,0.0
48.11,0.0
48.120000000000005,0.0
48.13,0.0
48.14,0.0
48.15,0.0
48.160000000000004,0.0
48.17,0.0
48.18,0.0
48.19,0.0
48.2,0.0
48.21,0.0
48.22,0.0
48.230000000000004,0.0
48.24,0.0
48.25,0.0
48.26,0.0
48.27,0.0
48.28,0.0
48.29,0.0
48.300000000000004,0.0
48.31,0.0
48.32,0.0
48.33,0.0
48.34,0.0
48.35,0.0
48.36,0.0
48.370000000000005,0.0
48.38,0.0
48.39,0.0
48.4,0.0
48.410000000000004,0.0
48.42,0.0
48.43,0.0
48.44,0.0
48.45,0.0
48.46,0.0
48.47,0.0
48.480000000000004,0.0
48.49,0.0
48.5,0.0
48.51,0.0
48.52,0.0
48.53,0.0
48.54,0.0
48.550000000000004,0.0
48.56,0.0
48.57,0.0
48.58,0.0
48.59,0.0
48.6,0.0
48.61,0.0
48.620000000000005,0.0
48.63,0.0
48.64,0.0
48.65,0.0
48.660000000000004,0.0
48.67,0.0
48.68,0.0
48.69,0.0
48.7,0.0
48.71,0.0
48.72,0.0
48.730000000000004,0.0
48.74,0.0
48.75,0.0
48.76,0.0
48.77,0.0
48.78,0.0
48.79,0.0
48.800000000000004,0.0
48.81,0.0
48.82,0.0
48.83,0.0
48.84,0.0
48.85,0.0
48.86,0.0
48.870000000000005,0.0
48.88,0.0
48.89,0.0
48.9,0.0
48.910000000000004,0.0
48.92,0.0
48.93,0.0
48.94,0.0
48.95,0.0
48.96,0.0
48.97,0.0
48.980000000000004,0.0
48.99,0.0
49.0,0.0
49.01,0.0
49.02,0.0
49.03,0.0
49.04,0.0
49.050000000000004,0.0
49.06,0.0
49.07,0.0
49.08,0.0
49.09,0.0
49.1,0.0
49.11,0.0
49.120000000000005,0.0
49.13,0.0
49.14,0.0
49.15,0.0
49.160000000000004,0.0
49.17,0.0
49.18,0.0
49.19,0.0
49.2,0.0
49.21,0.0
49.22,0.0
49.230000000000004,0.0
49.24,0.0
49.25,0.0
49.26,0.0
49.27,0.0
49.28,0.0
49.29,0.0
49.300000000000004,0.0
49.31,0.0
49.32,0.0
49.33,0.0
49.34,0.0
49.35,0.0
49.36,0.0
49.370000000000005,0.0
49.38,0.0
49.39,0.0
49.4,0.0
49.410000000000004,0.0
49.42,0.0
49.43,0.0
49.44,0.0
49.45,0.0
49.46,0.0
49.47,0.0
49.480000000000004,0.0
49.49,0.0
49.5,0.0
49.51,0.0
49.52,0.0
49.53,0.0
49.54,0.0
49.550000000000004,0.0
49.56,0.0
49.57,0.0
49.58,0.0
49.59,0.0
49.6,0.0
49.61,0.0
49.620000000000005,0.0
49.63,0.0
49.64,0.0
49.65,0.0
49.660000000000004,0.0
49.67,0.0
49.68,0.0
49.69,0.0
49.7,0.0
49.71,0.0
49.72,0.0
49.730000000000004,0.0
49.74,0.0
49.75,0.0
49.76,0.0
49.77,0.0
49.78,0.0
49.79,0.0
49.800000000000004,0.0
49.81,0.0
49.82,0.0
49.83,0.0
49.84,0.0
49.85,0.0
49.86,0.0
49.870000000000005,0.0
49.88,0.0
49.89,0.0
49.9,0.0
49.910000000000004,0.0
49.92,0.0
49.93,0.0
49.94,0.0
49.95,0.0
49.96,0.0
49.97,0.0
49.980000000000004,0.0
49.99,0.0
50.0,0.0
50.01,0.0
50.02,0.0
50.03,0.0
50.04,0.0
50.050000000000004,0.0
50.06,0.0
50.07,0.0
50.08,0.0
50.09,0.0
50.1,0.0
50.11,0.0
50.120000000000005,0.0
50.13,0.0
50.14,0.0
50.15,0.0
50.160000000000004,0.0
50.17,0.0
50.18,0.0
50.19,0.0
50.2,0.0
50.21,0.0
50.22,0.0
50.230000000000004,0.0
50.24,0.0
50.25,0.0
50.26,0.0
50.27,0.0
50.28,0.0
50.29,0.0
50.300000000000004,0.0
50.31,0.0
50.32,0.0
50.33,0.0
50.34,0.0
50.35,0.0
50.36,0.0
50.370000000000005,0.0
50.38,0.0
50.39,0.0
50.4,0.0
50.410000000000004,0.0
50.42,0.0
50.43,0.0
50.44,0.0
50.45,0.0
50.46,0.0
50.47,0.0
50.480000000000004,0.0
50.49,0.0
50.5,0.0
50.51,0.0
50.52,0.0
50.53,0.0
50.54,0.0
50.550000000000004,0.0
50.56,0.0
50.57,0.0
50.58,0.0
50.59,0.0
50.6,0.0
50.61,0.0
50.620000000000005,0.0
50.63,0.0
50.64,0.0
50.65,0.0
50.660000000000004,0.0
50.67,0.0
50.68,0.0
50.69,0.0
50.7,0.0
50.71,0.0
50.72,0.0
50.730000000000004,0.0
50.74,0.0
50.75,0.0
50.76,0.0
50.77,0.0
50.78,0.0
50.79,0.0
50.800000000000004,0.0
50.81,0.0
50.82,0.0
50.83,0.0
50.84,0.0
50.85,0.0
50.86,0.0
50.870000000000005,0.0
50.88,0.0
50.89,0.0
50.9,0.0
50.910000000000004,0.0
50.92,0.0
50.93,0.0
50.94,0.0
50.95,0.0
50.96,0.0
50.97,0.0
50.980000000000004,0.0
50.99,0.0
51.0,0.0
51.01,0.0
51.02,0.0
51.03,0.0
51.04,0.0
51.050000000000004,0.0
51.06,0.0
51.07,0.0
51.08,0.0
51.09,0.0
51.1,0.0
51.11,0.0
51.120000000000005,0.0
51.13,0.0
51.14,0.0
51.15,0.0
51.160000000000004,0.0
51.17,0.0
51.18,0.0
51.19,0.0
51.2,0.0
51.21,0.0
51.22,0.0
51.230000000000004,0.0
51.24,0.0
51.25,0.0
51.26,0.0
51.27,0.0
51.28,0.0
51.29,0.0
51.300000000000004,0.0
51.31,0.0
51.32,0.0
51.33,0.0
51.34,0.0
51.35,0.0
51.36,0.0
51.370000000000005,0.0
51.38,0.0
51.39,0.0
51.4,0.0
51.410000000000004,0.0
51.42,0.0
51.43,0.0
51.44,0.0
51.45,0.0
51.46,0.0
51.47,0.0
51.480000000000004,0.0
51.49,0.0
51.5,0.0
51.51,0.0
51.52,0.0
51.53,0.0
51.54,0.0
51.550000000000004,0.0
51.56,0.0
51.57,0.0
51.58,0.0
51.59,0.0
51.6,0.0
51.61,0.0
51.620000000000005,0.0
51.63,0.0
51.64,0.0
51.65,0.0
51.660000000000004,0.0
51.67,0.0
51.68,0.0
51.69,0.0
51.7,0.0
51.71,0.0
51.72,0.0
51.730000000000004,0.0
51.74,0.0
51.75,0.0
51.76,0.0
51.77,0.0
51.78,0.0
51.79,0.0
51.800000000000004,0.0
51.81,0.0
51.82,0.0
51.83,0.0
51.84,0.0
51.85,0.0
51.86,0.0
51.870000000000005,0.0
51.88,0.0
51.89,0.0
51.9,0.0
51.910000000000004,0.0
51.92,0.0
51.93,0.0
51.94,0.0
51.95,0.0
51.96,0.0
51.97,0.0
51.980000000000004,0.0
51.99,0.0
52.0,0.0
52.01,0.0
52.02,0.0
52.03,0.0
52.04,0.0
52.050000000000004,0.0
52.06,0.0
52.07,0.0
52.08,0.0
52.09,0.0
52.1,0.0
52.11,0.0
52.120000000000005,0.0
52.13,0.0
52.14,0.0
52.15,0.0
52.160000000000004,0.0
52.17,0.0
52.18,0.0
52.19,0.0
52.2,0.0
52.21,0.0
52.22,0.0
52.230000000000004,0.0
52.24,0.0
52.25,0.0
52.26,0.0
52.27,0.0
52.28,0.0
52.29,0.0
52.300000000000004,0.0
52.31,0.0
52.32,0.0
52.33,0.0
52.34,0.0
52.35,0.0
52.36,0.0
52.370000000000005,0.0
52.38,0.0
52.39,0.0
52.4,0.0
52.410000000000004,0.0
52.42,0.0
52.43,0.0
52.44,0.0
52.45,0.0
52.46,0.0
52.47,0.0
52.480000000000004,0.0
52.49,0.0
52.5,0.0
52.51,0.0
52.52,0.0
52.53,0.0
52.54,0.0
52.550000000000004,0.0
52.56,0.0
52.57,0.0
52.58,0.0
52.59,0.0
52.6,0.0
52.61,0.0
52.620000000000005,0.0
52.63,0.0
52.64,0.0
52.65,0.0
52.660000000000004,0.0
52.67,0.0
52.68,0.0
52.69,0.0
52.7,0.0
52.71,0.0
52.72,0.0
52.730000000000004,0.0
52.74,0.0
52.75,0.0
52.76,0.0
52.77,0.0
52.78,0.0
52.79,0.0
52.800000000000004,0.0
52.81,0.0
52.82,0.0
52.83,0.0
52.84,0.0
52.85,0.0
52.86,0.0
52.870000000000005,0.0
52.88,0.0
52.89,0.0
52.9,0.0
52.910000000000004,0.0
52.92,0.0
52.93,0.0
52.94,0.0
52.95,0.0
52.96,0.0
52.97,0.0
52.980000000000004,0.0
52.99,0.0
53.0,0.0
53.01,0.0
53.02,0.0
53.03,0.0
53.04,0.0
53.050000000000004,0.0
53.06,0.0
53.07,0.0
53.08,0.0
53.09,0.0
53.1,0.0
53.11,0.0
53.120000000000005,0.0
53.13,0.0
53.14,0.0
53.15,0.0
53.160000000000004,0.0
53.17,0.0
53.18,0.0
53.19,0.0
53.2,0.0
53.21,0.0
53.22,0.0
53.230000000000004,0.0
53.24,0.0
53.25,0.0
53.26,0.0
53.27,0.0
53.28,0.0
53.29,0.0
53.300000000000004,0.0
53.31,0.0
53.32,0.0
53.33,0.0
53.34,0.0
53.35,0.0
53.36,0.0
53.370000000000005,0.0
53.38,0.0
53.39,0.0
53.4,0.0
53.410000000000004,0.0
53.42,0.0
53.43,0.0
53.44,0.0
53.45,0.0
53.46,0.0
53.47,0.0
53.480000000000004,0.0
53.49,0.0
53.5,0.0
53.51,0.0
53.52,0.0
53.53,0.0
53.54,0.0
53.550000000000004,0.0
53.56,0.0
53.57,0.0
53.58,0.0
53.59,0.0
53.6,0.0
53.61,0.0
53.620000000000005,0.0
53.63,0.0
53.64,0.0
53.65,0.0
53.660000000000004,0.0
53.67,0.0
53.68,0.0
53.69,0.0
53.7,0.0
53.71,0.0
53.72,0.0
53.730000000000004,0.0
53.74,0.0
53.75,0.0
53.76,0.0
53.77,0.0
53.78,0.0
53.79,0.0
53.800000000000004,0.0
53.81,0.0
53.82,0.0
53.83,0.0
53.84,0.0
53.85,0.0
53.86,0.0
53.870000000000005,0.0
53.88,0.0
53.89,0.0
53.9,0.0
53.910000000000004,0.0
53.92,0.0
53.93,0.0
53.94,0.0
53.95,0.0
53.96,0.0
53.97,0.0
53.980000000000004,0.0
53.99,0.0
54.0,0.0
54.01,0.0
54.02,0.0
54.03,0.0
54.04,0.0
54.050000000000004,0.0
54.06,0.0
54.07,0.0
54.08,0.0
54.09,0.0
54.1,0.0
54.11,0.0
54.120000000000005,0.0
54.13,0.0
54.14,0.0
54.15,0.0
54.160000000000004,0.0
54.17,0.0
54.18,0.0
54.19,0.0
54.2,0.0
54.21,0.0
54.22,0.0
54.230000000000004,0.0
54.24,0.0
54.25,0.0
54.26,0.0
54.27,0.0
54.28,0.0
54.29,0.0
54.300000000000004,0.0
54.31,0.0
54.32,0.0
54.33,0.0
54.34,0.0
54.35,0.0
54.36,0.0
54.370000000000005,0.0
54.38,0.0
54.39,0.0
54.4,0.0
54.410000000000004,0.0
54.42,0.0
54.43,0.0
54.44,0.0
54.45,0.0
54.46,0.0
54.47,0.0
54.480000000000004,0.0
54.49,0.0
54.5,0.0
54.51,0.0
54.52,0.0
54.53,0.0
54.54,0.0
54.550000000000004,0.0
54.56,0.0
54.57,0.0
54.58,0.0
54.59,0.0
54.6,0.0
54.61,0.0
54.620000000000005,0.0
54.63,0.0
54.64,0.0
54.65,0.0
54.660000000000004,0.0
54.67,0.0
54.68,0.0
54.69,0.0
54.7,0.0
54.71,0.0
54.72,0.0
54.730000000000004,0.0
54.74,0.0
54.75,0.0
54.76,0.0
54.77,0.0
54.78,0.0
54.79,0.0
54.800000000000004,0.0
54.81,0.0
54.82,0.0
54.83,0.0
54.84,0.0
54.85,0.0
54.86,0.0
54.870000000000005,0.0
54.88,0.0
54.89,0.0
54.9,0.0
54.910000000000004,0.0
54.92,0.0
54.93,0.0
54.94,0.0
54.95,0.0
54.96,0.0
54.97,0.0
54.980000000000004,0.0
54.99,0.0
55.0,0.0
55.01,0.0
55.02,0.0
55.03,0.0
55.04,0.0
55.050000000000004,0.0
55.06,0.0
55.07,0.0
55.08,0.0
55.09,0.0
55.1,0.0
55.11,0.0
55.120000000000005,0.0
55.13,0.0
55.14,0.0
55.15,0.0
55.160000000000004,0.0
55.17,0.0
55.18,0.0
55.19,0.0
55.2,0.0
55.21,0.0
55.22,0.0
55.230000000000004,0.0
55.24,0.0
55.25,0.0
55.26,0.0
55.27,0.0
55.28,0.0
55.29,0.0
55.300000000000004,0.0
55.31,0.0
55.32,0.0
55.33,0.0
55.34,0.0
55.35,0.0
55.36,0.0
55.370000000000005,0.0
55.38,0.0
55.39,0.0
55.4,0.0
55.410000000000004,0.0
55.42,0.0
55.43,0.0
55.44,0.0
55.45,0.0
55.46,0.0
55.47,0.0
55.480000000000004,0.0
55.49,0.0
55.5,0.0
55.51,0.0
55.52,0.0
55.53,0.0
55.54,0.0
55.550000000000004,0.0
55.56,0.0
55.57,0.0
55.58,0.0
55.59,0.0
55.6,0.0
55.61,0.0
55.620000000000005,0.0
55.63,0.0
55.64,0.0
55.65,0.0
55.660000000000004,0.0
55.67,0.0
55.68,0.0
55.69,0.0
55.7,0.0
55.71,0.0
55.72,0.0
55.730000000000004,0.0
55.74,0.0
55.75,0.0
55.76,0.0
55.77,0.0
55.78,0.0
55.79,0.0
55.800000000000004,0.0
55.81,0.0
55.82,0.0
55.83,0.0
55.84,0.0
55.85,0.0
55.86,0.0
55.870000000000005,0.0
55.88,0.0
55.89,0.0
55.9,0.0
55.910000000000004,0.0
55.92,0.0
55.93,0.0
55.94,0.0
55.95,0.0
55.96,0.0
55.97,0.0
55.980000000000004,0.0
55.99,0.0
56.0,0.0
56.01,0.0
56.02,0.0
56.03,0.0
56.04,0.0
56.050000000000004,0.0
56.06,0.0
56.07,0.0
56.08,0.0
56.09,0.0
56.1,0.0
56.11,0.0
56.120000000000005,0.0
56.13,0.0
56.14,0.0
56.15,0.0
56.160000000000004,0.0
56.17,0.0
56.18,0.0
56.19,0.0
56.2,0.0
56.21,0.0
56.22,0.0
56.230000000000004,0.0
56.24,0.0
56.25,0.0
56.26,0.0
56.27,0.0
56.28,0.0
56.29,0.0
56.300000000000004,0.0
56.31,0.0
56.32,0.0
56.33,0.0
56.34,0.0
56.35,0.0
56.36,0.0
56.370000000000005,0.0
56.38,0.0
56.39,0.0
56.4,0.0
56.410000000000004,0.0
56.42,0.0
56.43,0.0
56.44,0.0
56.45,0.0
56.46,0.0
56.47,0.0
56.480000000000004,0.0
56.49,0.0
56.5,0.0
56.51,0.0
56.52,0.0
56.53,0.0
56.54,0.0
56.550000000000004,0.0
56.56,0.0
56.57,0.0
56.58,0.0
56.59,0.0
56.6,0.0
56.61,0.0
56.620000000000005,0.0
56.63,0.0
56.64,0.0
56.65,0.0
56.660000000000004,0.0
56.67,0.0
56.68,0.0
56.69,0.0
56.7,0.0
56.71,0.0
56.72,0.0
56.730000000000004,0.0
56.74,0.0
56.75,0.0
56.76,0.0
56.77,0.0
56.78,0.0
56.79,0.0
56.800000000000004,0.0
56.81,0.0
56.82,0.0
56.83,0.0
56.84,0.0
56.85,0.0
56.86,0.0
56.870000000000005,0.0
56.88,0.0
56.89,0.0
56.9,0.0
56.910000000000004,0.0
56.92,0.0
56.93,0.0
56.94,0.0
56.95,0.0
56.96,0.0
56.97,0.0
56.980000000000004,0.0
56.99,0.0
57.0,0.0
57.01,0.0
57.02,0.0
57.03,0.0
57.04,0.0
57.050000000000004,0.0
57.06,0.0
57.07,0.0
57.08,0.0
57.09,0.0
57.1,0.0
57.11,0.0
57.120000000000005,0.0
57.13,0.0
57.14,0.0
57.15,0.0
57.160000000000004,0.0
57.17,0.0
57.18,0.0
57.19,0.0
57.2,0.0
57.21,0.0
57.22,0.0
57.230000000000004,0.0
57.24,0.0
57.25,0.0
57.26,0.0
57.27,0.0
57.28,0.0
57.29,0.0
57.300000000000004,0.0
57.31,0.0
57.32,0.0
57.33,0.0
57.34,0.0
57.35,0.0
57.36,0.0
57.370000000000005,0.0
57.38,0.0
57.39,0.0
57.4,0.0
57.410000000000004,0.0
57.42,0.0
57.43,0.0
57.44,0.0
57.45,0.0
57.46,0.0
57.47,0.0
57.480000000000004,0.0
57.49,0.0
57.5,0.0
57.51,0.0
57.52,0.0
57.53,0.0
57.54,0.0
57.550000000000004,0.0
57.56,0.0
57.57,0.0
57.58,0.0
57.59,0.0
57.6,0.0
57.61,0.0
57.620000000000005,0.0
57.63,0.0
57.64,0.0
57.65,0.0
57.660000000000004,0.0
57.67,0.0
57.68,0.0
57.69,0.0
57.7,0.0
57.71,0.0
57.72,0.0
57.730000000000004,0.0
57.74,0.0
57.75,0.0
57.76,0.0
57.77,0.0
57.78,0.0
57.79,0.0
57.800000000000004,0.0
57.81,0.0
57.82,0.0
57.83,0.0
57.84,0.0
57.85,0.0
57.86,0.0
57.870000000000005,0.0
57.88,0.0
57.89,0.0
57.9,0.0
57.910000000000004,0.0
57.92,0.0
57.93,0.0
57.94,0.0
57.95,0.0
57.96,0.0
57.97,0.0
57.980000000000004,0.0
57.99,0.0
58.0,0.0
58.01,0.0
58.02,0.0
58.03,0.0
58.04,0.0
58.050000000000004,0.0
58.06,0.0
58.07,0.0
58.08,0.0
58.09,0.0
58.1,0.0
58.11,0.0
58.120000000000005,0.0
58.13,0.0
58.14,0.0
58.15,0.0
58.160000000000004,0.0
58.17,0.0
58.18,0.0
58.19,0.0
58.2,0.0
58.21,0.0
58.22,0.0
58.230000000000004,0.0
58.24,0.0
58.25,0.0
58.26,0.0
58.27,0.0
58.28,0.0
58.29,0.0
58.300000000000004,0.0
58.31,0.0
58.32,0.0
58.33,0.0
58.34,0.0
58.35,0.0
58.36,0.0
58.370000000000005,0.0
58.38,0.0
58.39,0.0
58.4,0.0
58.410000000000004,0.0
58.42,0.0
58.43,0.0
58.44,0.0
58.45,0.0
58.46,0.0
58.47,0.0
58.480000000000004,0.0
58.49,0.0
58.5,0.0
58.51,0.0
58.52,0.0
58.53,0.0
58.54,0.0
58.550000000000004,0.0
58.56,0.0
58.57,0.0
58.58,0.0
58.59,0.0
58.6,0.0
58.61,0.0
58.620000000000005,0.0
58.63,0.0
58.64,0.0
58.65,0.0
58.660000000000004,0.0
58.67,0.0
58.68,0.0
58.69,0.0
58.7,0.0
58.71,0.0
58.72,0.0
58.730000000000004,0.0
58.74,0.0
58.75,0.0
58.76,0.0
58.77,0.0
58.78,0.0
58.79,0.0
58.800000000000004,0.0
58.81,0.0
58.82,0.0
58.83,0.0
58.84,0.0
58.85,0.0
58.86,0.0
58.870000000000005,0.0
58.88,0.0
58.89,0.0
58.9,0.0
58.910000000000004,0.0
58.92,0.0
58.93,0.0
58.94,0.0
58.95,0.0
58.96,0.0
58.97,0.0
58.980000000000004,0.0
58.99,0.0
59.0,0.0
59.01,0.0
59.02,0.0
59.03,0.0
59.04,0.0
59.050000000000004,0.0
59.06,0.0
59.07,0.0
59.08,0.0
59.09,0.0
59.1,0.0
59.11,0.0
59.120000000000005,0.0
59.13,0.0
59.14,0.0
59.15,0.0
59.160000000000004,0.0
59.17,0.0
59.18,0.0
59.19,0.0
59.2,0.0
59.21,0.0
59.22,0.0
59.230000000000004,0.0
59.24,0.0
59.25,0.0
59.26,0.0
59.27,0.0
59.28,0.0
59.29,0.0
59.300000000000004,0.0
59.31,0.0
59.32,0.0
59.33,0.0
59.34,0.0
59.35,0.0
59.36,0.0
59.370000000000005,0.0
59.38,0.0
59.39,0.0
59.4,0.0
59.410000000000004,0.0
59.42,0.0
59.43,0.0
59.44,0.0
59.45,0.0
59.46,0.0
59.47,0.0
59.480000000000004,0.0
59.49,0.0
59.5,0.0
59.51,0.0
59.52,0.0
59.53,0.0
59.54,0.0
59.550000000000004,0.0
59.56,0.0
59.57,0.0
59.58,0.0
59.59,0.0
59.6,0.0
59.61,0.0
59.620000000000005,0.0
59.63,0.0
59.64,0.0
59.65,0.0
59.660000000000004,0.0
59.67,0.0
59.68,0.0
59.69,0.0
59.7,0.0
59.71,0.0
59.72,0.0
59.730000000000004,0.0
59.74,0.0
59.75,0.0
59.76,0.0
59.77,0.0
59.78,0.0
59.79,0.0
59.800000000000004,0.0
59.81,0.0
59.82,0.0
59.83,0.0
59.84,0.0
59.85,0.0
59.86,0.0
59.870000000000005,0.0
59.88,0.0
59.89,0.0
59.9,0.0
59.910000000000004,0.0
59.92,0.0
59.93,0.0
59.94,0.0
59.95,0.0
59.96,0.0
59.97,0.0
59.980000000000004,0.0
59.99,0.0
